player,role,role_mantra,team,Prezzo_Consigliato_Cr,NN_FV_Atteso,NN_MV_Atteso,NN_Rischio_Std,Prob_Bonus_Ge_8_%,Prob_Picco_Ge_10_%,Clean_Sheet_%,FVM_1000,n_stagioni,mv_media_3y,mv_storica,mv_std,mv_trend,availability,gol_per_pg,ass_per_pg,amm_per_pg,rig_per_pg,n_seasons_us,xg_media_3y,xa_media_3y,xg_per90,xa_per90,npxg_per90,shots_per90,offensive_index,gf_avg_3y,giorni_infortunio_3y,n_infortuni_3y,infortunio_grave,malus_infortuni,starts_2627,sub_apps_2627,minutes_2627,is_starter_2627,starter_pct_2627,score_composito,score_composito_base,predicted_pts_p10,predicted_pts_p50,predicted_pts_p90,pts_volatility_spread,vorp_points,adj_market_fvm,prezzo_fair_1000,prezzo_fair_500,surplus_value_cr
Malen,A,Pc,ROM,38,45.0,6.0,0.5,0.0,0.0,0.0,450,1.0,6.72,6.72,0.0,,0.474,0.778,0.111,0.056,0.167,1.0,15.205,1.548,0.913,0.093,0.73,4.203,1.0268,2.203,44,6,0,0.171,2,0,135,True,1.0,0.678,0.6958,182.0,286.5,311.4,129.4,171.2,450.0,394,194,-56
Paz N.,C,T;A,COM,29,24.5,6.0,0.5,0.0,0.0,0.0,245,2.0,6.373,6.375,0.005,,0.895,0.265,0.176,0.162,0.0,2.0,9.256,6.256,0.303,0.201,0.266,3.707,1.0068,1.982,23,3,0,0.089,0,0,0,False,0.0,0.6248,0.6333,182.0,241.5,252.7,70.7,58.8,252.0,194,95,-51
Krstovic,A,Pc,ATA,18,9.8,6.0,0.5,0.0,0.0,0.0,98,3.0,6.082,6.04,0.102,0.125,0.895,0.275,0.108,0.137,0.029,3.0,14.002,3.166,0.5,0.117,0.444,4.056,1.0354,2.298,3,2,0,0.012,0,2,52,False,0.0,0.6186,0.6197,182.0,236.1,238.1,56.1,120.8,98.0,84,42,-14
Douvikas,A,Pc,COM,22,18.5,6.0,0.5,0.0,0.0,0.0,185,2.0,6.19,6.195,0.015,,0.632,0.333,0.042,0.021,0.021,2.0,11.16,1.816,0.575,0.114,0.551,2.481,1.0068,1.982,10,4,0,0.039,2,0,180,True,1.0,0.5974,0.6009,183.8,241.4,250.4,66.6,126.1,185.0,160,79,-25
Laurientè,A,A,SAS,15,8.3,6.0,0.5,0.0,0.0,0.0,83,1.0,6.23,6.23,0.0,,0.974,0.189,0.243,0.108,0.0,3.0,4.913,6.295,0.168,0.217,0.159,2.419,0.9714,1.594,0,0,0,0.0,2,0,180,True,1.0,0.5733,0.5733,182.0,258.8,259.2,77.2,143.5,83.0,71,35,-12
David,A,Pc,JUV,8,2.5,6.0,0.5,0.0,0.0,0.0,25,1.0,5.77,5.77,0.0,,0.789,0.2,0.067,0.0,0.0,1.0,11.464,4.232,0.578,0.214,0.54,2.068,1.0076,1.992,5,2,0,0.019,1,1,57,True,0.5,0.5688,0.5704,179.8,212.4,212.7,32.9,97.1,25.0,22,11,-3
Da Cunha,C,C;T,COM,18,8.7,6.0,0.5,0.0,0.0,0.0,87,2.0,6.26,6.22,0.12,,0.921,0.129,0.086,0.114,0.057,2.0,5.145,5.31,0.142,0.177,0.091,1.316,1.0068,1.982,0,0,0,0.0,1,1,111,True,0.5,0.5675,0.5675,182.0,234.0,234.6,52.6,51.3,87.0,57,28,-30
Dimarco,D,E;W,INT,31,24.0,6.0,0.5,0.0,0.0,0.0,240,10.0,6.483,5.594,1.875,0.3897,0.637,0.139,0.199,0.085,0.0,4.0,5.566,10.07,0.178,0.394,0.178,2.141,1.1,3.009,56,7,0,0.218,2,0,180,True,1.0,0.5626,0.5816,182.3,234.8,239.2,56.9,59.6,185.0,100,48,-140
Martinez L.,A,Pc,INT,33,36.1,6.0,0.5,0.0,0.0,0.0,361,8.0,6.382,6.35,0.172,0.0352,0.852,0.51,0.112,0.135,0.042,1.0,1.261,0.421,0.353,0.118,0.353,3.913,1.1,3.009,140,12,0,0.544,2,0,144,True,1.0,0.5608,0.6106,182.0,243.0,247.9,65.9,127.7,440.0,385,189,24
Thuram,A,Pc,INT,28,24.9,6.0,0.5,0.0,0.0,0.0,249,3.0,6.415,6.433,0.086,-0.055,0.842,0.417,0.177,0.062,0.0,2.0,3.886,3.668,0.142,0.137,0.142,1.608,1.1,3.009,106,12,0,0.412,0,2,25,False,0.0,0.5601,0.597,180.4,233.8,240.1,59.7,118.5,249.0,216,106,-33
Pulisic,C,T;A,MIL,24,15.0,6.0,0.5,0.0,0.0,0.0,150,3.0,6.257,6.287,0.099,-0.09,0.851,0.32,0.196,0.031,0.031,3.0,10.017,5.834,0.389,0.232,0.338,2.334,1.0464,2.419,127,12,0,0.494,0,2,0,False,0.0,0.5598,0.6046,182.0,224.7,224.7,42.7,42.0,150.0,107,52,-43
Pinamonti,A,Pc,LAZ,12,5.3,6.0,0.5,0.0,0.0,0.0,53,9.0,5.913,5.926,0.181,-0.0023,0.687,0.252,0.043,0.087,0.035,4.0,10.095,1.865,0.302,0.062,0.264,2.514,0.9953,1.856,14,3,0,0.054,0,1,10,False,0.0,0.5551,0.5596,180.4,199.5,200.0,19.6,84.2,53.0,45,23,-8
Orsolini,C,W;A,BOL,25,17.7,6.0,0.5,0.0,0.0,0.0,177,9.0,6.233,6.106,0.179,0.0375,0.772,0.284,0.095,0.072,0.064,4.0,10.299,3.826,0.45,0.173,0.321,3.475,1.004,1.952,145,8,0,0.564,1,1,80,True,0.5,0.5537,0.6049,180.9,211.4,214.5,33.6,28.7,240.0,184,90,7
Yildiz,A,A,JUV,22,10.0,6.0,0.5,0.0,0.0,0.0,100,3.0,6.317,6.26,0.15,0.17,0.789,0.211,0.111,0.078,0.011,3.0,6.269,6.035,0.224,0.262,0.202,2.564,1.0076,1.992,37,8,0,0.144,0,0,0,False,0.0,0.5497,0.5618,180.9,210.2,211.7,30.8,94.9,100.0,86,43,-14
McTominay,C,C;T,NAP,27,22.0,6.0,0.5,0.0,0.0,0.0,220,2.0,6.447,6.475,0.085,,0.882,0.328,0.075,0.06,0.0,2.0,11.239,2.42,0.334,0.076,0.322,2.777,1.0241,2.173,170,11,1,0.961,2,0,146,True,1.0,0.5492,0.6417,178.6,219.2,219.2,40.6,36.5,245.0,188,92,-32
Colombo L.,C,M;C,MON,3,0.4,6.0,0.5,0.0,0.0,0.0,4,,,,,,,,,,,4.0,7.56,1.767,0.314,0.085,0.269,2.448,0.9337,1.178,0,0,0,0.0,0,1,0,False,0.0,0.5487,0.5487,161.1,167.3,168.0,6.9,0.0,4.0,3,2,-1
Adams C.,A,A,TOR,10,3.3,6.0,0.5,0.0,0.0,0.0,33,2.0,5.987,5.99,0.01,,0.882,0.224,0.104,0.045,0.0,2.0,7.577,2.696,0.319,0.107,0.304,2.315,0.9571,1.436,46,7,0,0.179,1,1,103,True,0.5,0.5474,0.5625,182.2,221.9,225.2,43.0,106.6,33.0,28,14,-5
Ederson D.S.,C,M;C,ATA,12,4.6,6.0,0.5,0.0,0.0,0.0,46,1.0,6.25,6.25,0.0,,0.789,0.067,0.033,0.1,0.033,4.0,4.97,2.95,0.144,0.103,0.137,1.297,1.0354,2.298,0,0,0,0.0,2,0,158,True,1.0,0.5466,0.5466,181.4,219.2,221.0,39.6,36.5,46.0,28,14,-18
Calhanoglu,C,M;C,INT,28,24.3,6.0,0.5,0.0,0.0,0.0,243,9.0,6.452,6.304,0.166,0.0493,0.825,0.209,0.202,0.174,0.082,4.0,5.708,4.864,0.233,0.202,0.075,2.219,1.1,3.009,216,17,0,0.7,2,0,119,True,1.0,0.5426,0.6063,182.0,222.4,225.0,43.0,39.7,250.0,193,94,-50
Bonny,A,Pc,INT,7,1.5,6.0,0.5,0.0,0.0,0.0,15,2.0,6.11,6.09,0.06,,0.842,0.172,0.125,0.047,0.031,2.0,6.012,3.471,0.328,0.169,0.272,2.072,1.1,3.009,33,7,0,0.128,0,2,36,False,0.0,0.5398,0.5504,182.0,208.6,209.5,27.5,93.3,15.0,13,7,-2
Ramon,D,Dc,COM,10,3.1,6.0,0.5,0.0,0.0,0.0,31,1.0,6.16,6.16,0.0,,0.842,0.062,0.0,0.344,0.0,1.0,5.472,1.027,0.179,0.034,0.179,1.279,1.0068,1.982,35,4,0,0.136,2,0,180,True,1.0,0.5388,0.55,178.5,209.5,209.6,31.1,34.3,41.85,22,11,-9
Pasalic,C,C;T,ATA,8,2.2,6.0,0.5,0.0,0.0,0.0,22,9.0,5.975,6.039,0.126,-0.0018,0.789,0.204,0.096,0.1,0.007,4.0,5.4,4.375,0.281,0.203,0.255,1.65,1.0354,2.298,0,0,0,0.0,2,0,150,True,1.0,0.5372,0.5372,182.2,225.4,226.6,44.4,42.7,22.0,12,7,-10
Colombo,A,Pc,GEN,11,5.2,6.0,0.5,0.0,0.0,0.0,52,6.0,5.908,4.9,2.192,0.8571,0.653,0.18,0.041,0.098,0.025,4.0,7.56,1.767,0.314,0.085,0.269,2.448,0.9593,1.46,12,2,0,0.047,2,0,164,True,1.0,0.5367,0.5405,181.7,219.0,221.0,39.3,103.7,52.0,44,22,-8
Castro S.,A,Pc,ROM,14,7.0,6.0,0.5,0.0,0.0,0.0,70,3.0,6.022,6.033,0.101,-0.035,0.64,0.221,0.074,0.162,0.0,3.0,7.134,2.088,0.323,0.114,0.309,2.431,1.0268,2.203,18,5,0,0.07,0,2,45,False,0.0,0.5366,0.5423,180.6,199.8,200.0,19.4,84.5,70.0,60,30,-10
Simeone,A,Pc,TOR,14,8.0,6.0,0.5,0.0,0.0,0.0,80,10.0,5.97,5.949,0.194,0.0162,0.761,0.291,0.062,0.093,0.003,4.0,7.035,1.236,0.469,0.119,0.469,3.373,0.9571,1.436,66,6,0,0.257,2,0,143,True,1.0,0.5345,0.5559,182.3,224.9,230.9,48.6,109.6,80.0,68,34,-12
De Ketelaere,A,A,ATA,17,9.5,6.0,0.5,0.0,0.0,0.0,95,4.0,6.222,6.115,0.222,0.128,0.822,0.16,0.152,0.064,0.008,4.0,6.688,6.921,0.293,0.335,0.284,1.913,1.0354,2.298,112,11,0,0.436,1,1,85,True,0.5,0.5325,0.5698,182.3,211.4,211.4,29.1,96.1,95.0,81,40,-14
Esposito F.P.,A,Pc,INT,17,10.5,6.0,0.5,0.0,0.0,0.0,105,1.0,6.26,6.26,0.0,,0.816,0.226,0.097,0.032,0.0,,,,,,,,1.1,3.009,0,0,0,0.0,2,0,155,True,1.0,0.5305,0.5305,183.6,239.0,239.0,55.4,123.7,105.0,90,45,-15
Modric,C,M;C,MIL,12,4.5,6.0,0.5,0.0,0.0,0.0,45,1.0,6.45,6.45,0.0,,0.868,0.061,0.091,0.121,0.0,1.0,1.247,4.026,0.04,0.128,0.04,0.637,1.0464,2.419,25,4,0,0.097,1,1,108,True,0.5,0.5296,0.5374,181.2,220.4,222.3,41.1,37.7,45.0,27,14,-18
Barella,C,C,INT,18,8.1,6.0,0.5,0.0,0.0,0.0,81,10.0,6.29,6.216,0.165,0.0401,0.876,0.084,0.147,0.237,0.009,4.0,3.422,5.33,0.117,0.181,0.117,1.292,1.1,3.009,68,8,0,0.264,2,0,180,True,1.0,0.5289,0.5507,181.2,216.1,217.4,36.2,33.4,81.0,53,26,-28
Piccoli,A,Pc,BOL,8,2.9,6.0,0.5,0.0,0.0,0.0,29,8.0,5.893,5.8,0.211,0.0531,0.447,0.206,0.016,0.095,0.016,4.0,10.54,1.096,0.44,0.057,0.42,2.851,1.004,1.952,17,3,0,0.066,2,0,120,True,1.0,0.5286,0.5339,183.4,220.2,221.7,38.3,104.9,29.0,25,13,-4
Alajbegovic,C,W;T,JUV,11,4.2,6.0,0.5,0.0,0.0,0.0,42,,,,,,,,,,,3.0,4.445,1.437,0.508,0.133,0.485,2.775,1.0076,1.992,7,2,0,0.027,0,2,33,False,0.0,0.5283,0.5304,170.3,177.9,178.8,8.5,0.0,42.0,25,13,-17
Stulic,A,Pc,LEC,6,1.1,6.0,0.5,0.0,0.0,0.0,11,1.0,5.73,5.73,0.0,,0.789,0.133,0.0,0.033,0.033,1.0,5.471,2.101,0.287,0.11,0.247,1.734,0.9201,1.029,0,0,0,0.0,0,2,52,False,0.0,0.5282,0.5282,177.2,184.7,184.7,7.5,69.4,11.0,10,5,-1
Rabiot,C,C;T,MIL,23,14.5,6.0,0.5,0.0,0.0,0.0,145,6.0,6.242,6.022,0.236,0.1009,0.794,0.133,0.077,0.199,0.0,3.0,4.682,3.505,0.175,0.119,0.175,1.494,1.0464,2.419,110,11,0,0.428,0,2,65,False,0.0,0.5269,0.5631,170.5,185.5,187.2,16.7,2.8,145.0,103,50,-42
McKennie,C,C,JUV,17,7.0,6.0,0.5,0.0,0.0,0.0,70,4.0,6.078,5.992,0.194,0.103,0.743,0.071,0.15,0.124,0.0,4.0,5.825,3.962,0.156,0.161,0.156,0.975,1.0076,1.992,52,9,0,0.202,1,0,90,True,0.5,0.5261,0.5425,181.2,202.9,204.7,23.5,20.2,70.0,45,22,-25
De Gea,P,Por,FIO,11,3.0,6.0,0.5,0.0,0.0,0.0,30,2.0,6.273,6.29,0.05,,0.947,0.0,0.0,0.014,0.0,2.0,,0.309,0.0,0.009,0.0,0.0,1.0124,2.045,7,2,0,0.027,2,0,180,True,1.0,0.5257,0.5278,175.9,224.7,228.3,52.4,58.1,30.0,33,16,3
Rodriguez Je.,C,W;A,COM,11,3.1,6.0,0.5,0.0,0.0,0.0,31,1.0,6.25,6.25,0.0,,0.737,0.071,0.286,0.107,0.0,1.0,3.921,6.971,0.204,0.363,0.204,2.344,1.0068,1.982,19,2,0,0.074,1,1,71,True,0.5,0.5247,0.5306,181.2,213.5,215.0,33.8,30.8,31.0,18,9,-13
Karlstrom,C,M;C,UDI,7,2.0,6.0,0.5,0.0,0.0,0.0,20,2.0,5.923,5.905,0.055,,0.961,0.014,0.027,0.205,0.0,2.0,0.97,1.288,0.028,0.036,0.028,0.467,0.965,1.523,8,2,0,0.031,2,0,180,True,1.0,0.5231,0.5255,182.2,212.2,212.2,30.0,29.5,20.0,11,6,-9
Hojlund,A,Pc,NAP,28,26.0,6.0,0.5,0.0,0.0,0.0,260,2.0,6.18,6.165,0.045,,0.829,0.333,0.111,0.032,0.016,,,,,,,,1.0241,2.173,136,11,0,0.529,2,0,158,True,1.0,0.5211,0.566,183.6,223.6,230.0,46.4,108.3,260.0,225,111,-35
Politano,C,W,NAP,9,3.7,6.0,0.5,0.0,0.0,0.0,37,11.0,6.113,6.139,0.092,-0.0039,0.823,0.16,0.122,0.087,0.017,4.0,3.96,6.157,0.185,0.254,0.138,2.195,1.0241,2.173,62,9,0,0.241,2,0,157,True,1.0,0.5204,0.5399,182.3,218.7,221.4,39.1,36.0,37.0,22,11,-15
Esposito Se.,A,A,SAS,12,4.0,6.0,0.5,0.0,0.0,0.0,40,3.0,5.187,4.143,2.93,3.13,0.908,0.217,0.058,0.101,0.029,1.0,9.865,2.057,0.578,0.121,0.578,3.342,0.9714,1.594,99,8,0,0.385,0,0,0,False,0.0,0.5201,0.552,182.2,218.7,221.4,39.2,103.4,40.0,34,17,-6
Ekkelenkamp,C,C;T,UDI,12,5.7,6.0,0.5,0.0,0.0,0.0,57,2.0,6.023,6.01,0.04,,0.842,0.125,0.078,0.047,0.0,2.0,4.198,2.095,0.172,0.092,0.172,1.289,0.965,1.523,73,9,0,0.284,2,0,175,True,1.0,0.5198,0.5429,182.0,212.4,212.6,30.6,29.7,57.0,35,18,-22
Thuram K.,C,C,JUV,9,2.5,6.0,0.5,0.0,0.0,0.0,25,2.0,6.167,6.2,0.1,,0.882,0.104,0.104,0.104,0.0,2.0,3.886,3.668,0.142,0.137,0.142,1.608,1.0076,1.992,78,10,0,0.303,0,1,0,False,0.0,0.5188,0.5435,182.2,207.9,209.5,27.3,25.2,25.0,14,7,-11
Mkhitaryan,C,C,INT,4,0.9,6.0,0.5,0.0,0.0,0.0,9,7.0,6.192,6.221,0.109,-0.0161,0.805,0.173,0.164,0.121,0.005,4.0,4.176,3.531,0.143,0.144,0.143,1.426,1.1,3.009,68,6,0,0.264,0,1,0,False,0.0,0.5181,0.5395,178.7,196.6,198.5,19.8,13.9,9.0,5,3,-4
Mancini,D,Dc,ROM,16,5.0,6.0,0.5,0.0,0.0,0.0,50,9.0,6.183,6.07,0.14,0.0242,0.816,0.078,0.03,0.281,0.0,4.0,2.618,1.543,0.076,0.046,0.076,0.622,1.0268,2.203,33,9,0,0.128,2,0,180,True,1.0,0.5177,0.5278,183.8,215.1,215.1,31.3,39.9,75.0,40,19,-10
Baturina,C,T,COM,20,10.5,6.0,0.5,0.0,0.0,0.0,105,1.0,6.3,6.3,0.0,,0.658,0.24,0.12,0.0,0.0,1.0,1.901,6.696,0.108,0.382,0.108,1.596,1.0068,1.982,20,4,0,0.078,2,0,103,True,1.0,0.5174,0.5235,181.8,240.5,246.7,64.9,57.8,105.0,71,35,-34
Giovane,A,A,NAP,4,0.7,6.0,0.5,0.0,0.0,0.0,7,1.0,6.0,6.0,0.0,,0.816,0.097,0.194,0.065,0.0,1.0,4.269,4.357,0.205,0.209,0.205,2.691,1.0241,2.173,54,4,0,0.21,0,2,0,False,0.0,0.5172,0.534,180.1,194.0,194.0,13.9,78.7,7.0,7,4,0
Atta,C,C;T,FIO,15,7.8,6.0,0.5,0.0,0.0,0.0,78,2.0,6.24,6.18,0.18,,0.724,0.091,0.055,0.145,0.0,2.0,3.338,2.5,0.137,0.118,0.137,1.967,1.0124,2.045,60,5,0,0.233,2,0,164,True,1.0,0.5167,0.5354,181.2,214.6,214.8,33.6,31.9,78.0,51,25,-27
Kean,A,Pc,FIO,24,18.3,6.0,0.5,0.0,0.0,0.0,183,9.0,6.08,5.464,1.968,0.0488,0.493,0.302,0.036,0.194,0.022,4.0,15.436,1.073,0.665,0.061,0.622,3.623,1.0124,2.045,282,18,1,1.0,0,1,27,False,0.0,0.5158,0.6068,159.3,181.5,181.5,22.2,66.2,183.0,158,78,-25
Delprato,D,B;Dd;E,PAR,8,2.1,6.0,0.5,0.0,0.0,0.0,21,2.0,5.95,5.97,0.06,,0.908,0.087,0.0,0.188,0.0,2.0,2.159,1.032,0.064,0.031,0.064,0.457,0.9545,1.408,42,7,0,0.163,2,0,180,True,1.0,0.5146,0.5275,179.3,209.3,209.3,30.0,34.1,21.0,11,6,-10
Robinson J.,A,A,MON,4,0.5,6.0,0.5,0.0,0.0,0.0,5,,,,,,,,,,,3.0,2.404,2.052,0.116,0.099,0.116,1.075,0.9337,1.178,0,0,0,0.0,0,2,11,False,0.0,0.5143,0.5143,161.1,167.3,168.0,6.9,52.0,5.0,5,3,0
Floriani Mussolini,D,Dd;E,LAZ,4,1.0,6.0,0.5,0.0,0.0,0.0,10,1.0,5.72,5.72,0.0,,0.605,0.0,0.043,0.087,0.0,3.0,6.72,3.908,0.333,0.248,0.268,2.368,0.9953,1.856,17,3,0,0.066,1,1,151,True,0.5,0.5138,0.5189,175.0,183.0,184.4,9.4,7.8,10.0,6,3,-4
Pavlovic,D,Dc,MIL,14,4.9,6.0,0.5,0.0,0.0,0.0,49,2.0,6.13,6.075,0.165,,0.737,0.125,0.018,0.125,0.0,2.0,3.33,1.006,0.115,0.038,0.115,0.816,1.0464,2.419,36,8,0,0.14,2,0,180,True,1.0,0.5136,0.5246,183.6,212.3,213.1,29.5,37.1,75.0,40,19,-9
Carnesecchi,P,Por,ATA,17,5.5,6.0,0.5,0.0,0.0,0.0,55,5.0,6.325,5.048,2.525,1.271,0.822,0.0,0.008,0.016,0.0,4.0,,0.178,0.0,0.006,0.0,0.0,1.0354,2.298,11,2,0,0.043,2,0,180,True,1.0,0.5134,0.5167,175.9,215.1,215.8,39.9,48.5,55.0,68,33,13
Milinkovic-Savic V.,P,Por,NAP,5,0.5,6.0,0.5,0.0,0.0,0.0,5,8.0,6.22,6.027,0.174,0.061,0.569,0.0,0.0,0.073,0.0,1.0,7.642,7.67,0.226,0.227,0.226,1.892,1.0241,2.173,71,10,0,0.276,0,2,0,False,0.0,0.5132,0.5354,127.1,130.5,130.5,3.4,0.0,5.0,5,3,0
Rowe,C,W;T,BOL,10,4.0,6.0,0.5,0.0,0.0,0.0,40,1.0,6.2,6.2,0.0,,0.737,0.107,0.107,0.071,0.0,1.0,4.977,2.7,0.278,0.151,0.278,2.68,1.004,1.952,86,5,0,0.334,0,1,30,False,0.0,0.513,0.5401,179.0,190.3,191.1,12.1,7.6,40.0,24,12,-16
Mota,A,A,MON,4,0.8,6.0,0.5,0.0,0.0,0.0,8,3.0,5.935,5.977,0.103,-0.125,0.816,0.151,0.065,0.086,0.0,3.0,5.229,2.423,0.238,0.107,0.238,1.598,0.9337,1.178,83,9,0,0.323,0,1,11,False,0.0,0.5122,0.5383,180.9,191.0,192.7,11.8,75.7,8.0,7,4,-1
Lucca,A,Pc,NAP,4,1.2,6.0,0.5,0.0,0.0,0.0,12,3.0,5.903,5.957,0.17,-0.16,0.667,0.299,0.045,0.239,0.015,3.0,5.555,1.175,0.339,0.059,0.327,2.378,1.0241,2.173,43,6,0,0.167,0,0,0,False,0.0,0.5118,0.5249,154.2,167.9,167.9,13.7,52.6,12.0,11,6,-1
Raspadori,A,A,ATA,14,7.3,6.0,0.5,0.0,0.0,0.0,73,7.0,6.12,6.106,0.127,-0.0193,0.564,0.224,0.077,0.07,0.0,4.0,4.555,2.441,0.395,0.201,0.379,3.525,1.0354,2.298,37,4,0,0.144,2,0,138,True,1.0,0.5106,0.5219,182.3,224.9,227.0,44.7,109.6,73.0,62,31,-11
Conceicao,C,W;A,JUV,13,6.8,6.0,0.5,0.0,0.0,0.0,68,2.0,6.227,6.2,0.08,,0.724,0.109,0.145,0.109,0.0,2.0,6.702,4.284,0.304,0.224,0.304,2.953,1.0076,1.992,141,12,0,0.548,2,0,145,True,1.0,0.5104,0.5561,182.0,205.3,207.2,25.2,22.6,68.0,43,22,-25
Carlos Augusto,D,B;Ds;E,INT,6,2.0,6.0,0.5,0.0,0.0,0.0,20,4.0,6.15,6.155,0.03,-0.006,0.829,0.079,0.095,0.095,0.0,4.0,2.324,2.553,0.12,0.113,0.12,1.192,1.1,3.009,65,8,0,0.253,0,2,0,False,0.0,0.5095,0.5296,180.1,192.3,192.8,12.7,17.1,20.0,11,6,-9
Coco,D,Dc,TOR,7,1.4,6.0,0.5,0.0,0.0,0.0,14,2.0,5.847,5.85,0.01,,0.882,0.045,0.015,0.194,0.0,2.0,1.42,0.383,0.047,0.012,0.047,0.53,0.9571,1.436,21,4,0,0.082,2,0,180,True,1.0,0.5092,0.5155,182.5,200.5,201.0,18.5,25.3,14.0,8,4,-6
Kevin Carlos,A,Pc,CAG,12,3.6,6.0,0.5,0.0,0.0,0.0,36,,,,,,,,,,,1.0,1.673,0.048,0.077,0.002,0.077,0.37,0.9604,1.472,0,0,0,0.0,0,2,33,False,0.0,0.5091,0.5091,170.3,177.9,178.8,8.5,62.6,36.0,31,16,-5
Coulibaly L.,C,M;C,LEC,7,1.7,6.0,0.5,0.0,0.0,0.0,17,5.0,5.965,5.916,0.138,0.042,0.858,0.043,0.025,0.166,0.0,4.0,2.106,1.268,0.052,0.044,0.052,0.579,0.9201,1.029,44,6,0,0.171,2,0,180,True,1.0,0.5091,0.5225,181.0,199.2,200.1,19.1,16.5,17.0,9,5,-8
Samardzic,C,C;T,ATA,13,4.4,6.0,0.5,0.0,0.0,0.0,44,5.0,6.025,6.074,0.084,-0.034,0.668,0.134,0.071,0.063,0.008,4.0,2.658,3.862,0.149,0.218,0.138,2.333,1.0354,2.298,0,0,0,0.0,0,2,52,False,0.0,0.509,0.509,180.4,195.7,195.7,15.3,13.0,44.0,27,13,-17
Valeri,D,Ds;E,PAR,8,2.2,6.0,0.5,0.0,0.0,0.0,22,4.0,5.943,5.92,0.192,0.028,0.789,0.033,0.1,0.075,0.008,4.0,1.097,4.033,0.059,0.153,0.051,1.034,0.9545,1.408,0,0,0,0.0,2,0,180,True,1.0,0.5082,0.5082,179.1,207.5,207.5,28.4,32.3,22.0,12,6,-10
Falcone,P,Por,LEC,8,2.6,6.0,0.5,0.0,0.0,0.0,26,8.0,6.333,4.703,2.718,0.9133,0.719,0.0,0.0,0.039,0.0,4.0,,0.031,0.0,0.001,0.0,0.0,0.9201,1.029,4,2,0,0.016,2,0,180,True,1.0,0.5074,0.5086,174.3,215.1,215.2,40.9,48.5,26.0,28,14,2
Pierotti,C,W,LEC,6,1.9,6.0,0.5,0.0,0.0,0.0,19,3.0,5.848,5.893,0.125,-0.135,0.693,0.069,0.028,0.111,0.0,3.0,3.359,2.117,0.157,0.119,0.157,1.332,0.9201,1.029,14,4,0,0.054,2,0,161,True,1.0,0.507,0.5111,181.7,206.0,206.1,24.4,23.3,19.0,11,6,-8
Konè M.,C,M;C,ROM,10,4.2,6.0,0.5,0.0,0.0,0.0,42,1.0,6.26,6.26,0.0,,0.763,0.069,0.103,0.069,0.0,1.0,5.083,1.76,0.164,0.057,0.164,0.741,1.0268,2.203,124,12,0,0.482,2,0,146,True,1.0,0.5068,0.5463,181.5,208.2,209.5,28.0,25.5,42.0,25,13,-17
N'Dicka,D,Dc,ROM,13,4.2,6.0,0.5,0.0,0.0,0.0,42,3.0,6.033,5.997,0.097,0.11,0.825,0.032,0.043,0.138,0.0,3.0,1.724,0.97,0.049,0.032,0.049,0.543,1.0268,2.203,42,7,0,0.163,1,0,90,True,0.5,0.5064,0.5191,177.9,195.0,195.8,17.9,19.8,75.0,40,19,-2
Varela G.,A,Pc,MON,7,4.0,6.0,0.5,0.0,0.0,0.0,40,,,,,,,,,,,,,,,,,,0.9337,1.178,0,0,0,0.0,2,0,173,True,1.0,0.5063,0.5063,175.0,201.8,202.4,27.4,86.5,40.0,34,17,-6
Sarr P.,C,M;C,JUV,7,2.5,6.0,0.5,0.0,0.0,0.0,25,5.0,,,0.0,,,,,,,2.0,2.676,1.745,0.193,0.105,0.193,1.266,1.0076,1.992,41,6,0,0.159,0,0,0,False,0.0,0.5063,0.5187,161.1,167.3,168.0,6.9,0.0,25.0,14,7,-11
Pozzi,P,Por,VEN,1,0.1,6.0,0.5,0.0,0.0,0.0,1,,,,,,,,,,,2.0,0.752,0.667,0.106,0.088,0.106,1.985,0.9494,1.351,0,0,0,0.0,0,0,0,False,0.0,0.5063,0.5063,161.1,167.3,168.0,6.9,0.7,1.0,2,1,1
Locatelli,C,M;C,JUV,9,3.3,6.0,0.5,0.0,0.0,0.0,33,11.0,6.165,5.991,0.348,0.0675,0.718,0.05,0.07,0.247,0.01,4.0,1.982,2.595,0.053,0.082,0.041,0.988,1.0076,1.992,35,4,0,0.136,2,0,180,True,1.0,0.506,0.5165,180.7,212.5,212.5,31.8,29.8,33.0,19,10,-14
Aurelio,D,Ds;E,CAG,2,0.5,6.0,0.5,0.0,0.0,0.0,5,,,,,,,,,,,3.0,0.626,2.479,0.035,0.14,0.035,0.697,0.9604,1.472,0,0,0,0.0,0,2,9,False,0.0,0.5054,0.5054,161.1,167.3,168.0,6.9,0.0,5.0,3,2,-2
Mandragora,C,C,FIO,8,2.3,6.0,0.5,0.0,0.0,0.0,23,10.0,6.075,5.367,1.794,0.3542,0.754,0.093,0.074,0.205,0.008,4.0,3.749,3.181,0.137,0.144,0.12,1.93,1.0124,2.045,70,11,0,0.272,0,2,35,False,0.0,0.5051,0.5266,166.0,171.8,173.7,7.7,0.0,23.0,13,7,-10
Isaksen,C,W;A,LAZ,9,2.2,6.0,0.5,0.0,0.0,0.0,22,3.0,6.048,6.053,0.012,-0.015,0.763,0.138,0.034,0.092,0.0,3.0,4.724,2.19,0.225,0.12,0.225,2.304,0.9953,1.856,86,5,0,0.334,0,2,72,False,0.0,0.5047,0.5313,170.8,180.9,182.8,12.0,0.0,22.0,12,7,-10
Tornqvist,P,Por,MON,1,1.0,6.0,0.5,0.0,0.0,0.0,10,1.0,,,0.0,,,,,,,,,,,,,,0.9337,1.178,0,0,0,0.0,0,1,0,False,0.0,0.5044,0.5044,161.1,167.3,168.0,6.9,0.7,10.0,10,5,0
Cristante,C,M;C,ROM,9,2.9,6.0,0.5,0.0,0.0,0.0,29,11.0,6.14,5.926,0.249,0.0506,0.778,0.093,0.059,0.211,0.0,4.0,2.717,2.192,0.092,0.069,0.086,1.23,1.0268,2.203,69,5,0,0.268,2,0,180,True,1.0,0.5043,0.5254,181.2,210.6,210.6,29.4,27.9,29.0,17,9,-12
Kempf,D,Dc,COM,5,1.3,6.0,0.5,0.0,0.0,0.0,13,2.0,6.03,5.985,0.135,,0.789,0.067,0.017,0.117,0.0,2.0,2.674,1.332,0.086,0.049,0.086,0.765,1.0068,1.982,63,8,0,0.245,0,2,25,False,0.0,0.5033,0.5225,179.3,179.3,180.1,0.8,4.1,13.0,7,4,-6
Kolo Muani,A,Pc,JUV,25,16.5,6.0,0.5,0.0,0.0,0.0,165,1.0,6.22,6.22,0.0,,0.421,0.5,0.062,0.0,0.062,1.0,4.807,1.423,0.368,0.109,0.31,1.991,1.0076,1.992,80,8,0,0.311,2,0,180,True,1.0,0.5032,0.5278,181.8,250.0,265.8,84.0,134.7,165.0,142,70,-23
Lulli,D,E,ROM,2,1.0,6.0,0.5,0.0,0.0,0.0,10,,,,,,,,,,,,,,,,,,1.0268,2.203,0,0,0,0.0,2,0,180,True,1.0,0.5031,0.5031,175.0,201.8,202.4,27.4,26.6,10.0,6,3,-4
Przyborek,C,W;T,LAZ,1,0.5,6.0,0.5,0.0,0.0,0.0,5,1.0,,,0.0,,,,,,,,,,,,,,0.9953,1.856,0,0,0,0.0,0,2,0,False,0.0,0.5027,0.5027,161.1,167.3,168.0,6.9,0.0,5.0,3,2,-2
Mascardi,P,Por,TOR,1,0.5,6.0,0.5,0.0,0.0,0.0,5,,,,,,,,,,,,,,,,,,0.9571,1.436,0,0,0,0.0,2,0,180,True,1.0,0.5027,0.5027,175.0,201.8,202.4,27.4,35.2,5.0,5,3,0
Vasquez,D,Ds;Dc,GEN,9,3.0,6.0,0.5,0.0,0.0,0.0,30,5.0,6.087,5.994,0.139,0.066,0.832,0.044,0.006,0.196,0.0,1.0,,0.0,0.0,0.0,0.0,0.0,0.9593,1.46,32,5,0,0.124,2,0,165,True,1.0,0.5024,0.5119,178.3,209.3,209.3,31.0,34.1,40.5,21,11,-9
Svilar,P,Por,ROM,19,8.5,6.0,0.5,0.0,0.0,0.0,85,4.0,6.315,6.263,0.17,0.063,0.618,0.0,0.0,0.022,0.0,3.0,0.027,0.013,0.001,0.0,0.001,0.011,1.0268,2.203,0,0,0,0.0,2,0,180,True,1.0,0.5023,0.5023,175.9,214.1,214.1,38.2,47.5,85.0,114,55,29
Frendrup,C,M;C,GEN,7,1.9,6.0,0.5,0.0,0.0,0.0,19,4.0,6.018,5.998,0.154,0.025,0.776,0.046,0.037,0.148,0.0,3.0,0.957,1.448,0.034,0.042,0.034,0.663,0.9593,1.46,24,4,0,0.093,2,0,180,True,1.0,0.5018,0.5089,180.2,209.3,209.3,29.1,26.6,19.0,11,6,-8
De Martis,A,Pc,PAR,1,0.1,6.0,0.5,0.0,0.0,0.0,1,,,,,,,,,,,1.0,,0.395,,,,,0.9545,1.408,0,0,0,0.0,0,2,0,False,0.0,0.5014,0.5014,161.1,167.3,168.0,6.9,52.0,1.0,2,1,1
Laerke,C,W;A,LEC,1,0.1,6.0,0.5,0.0,0.0,0.0,1,,,,,,,,,,,,,,,,,,0.9201,1.029,0,0,0,0.0,0,2,0,False,0.0,0.5014,0.5014,161.1,167.3,168.0,6.9,0.0,1.0,1,1,0
Renzetti,P,Por,LAZ,1,0.1,6.0,0.5,0.0,0.0,0.0,1,1.0,,,0.0,,,,,,,,,,,,,,0.9953,1.856,0,0,0,0.0,0,2,0,False,0.0,0.5014,0.5014,161.1,167.3,168.0,6.9,0.7,1.0,2,1,1
Vismara,P,Por,ATA,1,0.1,6.0,0.5,0.0,0.0,0.0,1,,,,,,,,,,,,,,,,,,1.0354,2.298,0,0,0,0.0,0,2,0,False,0.0,0.5014,0.5014,161.1,167.3,168.0,6.9,0.7,1.0,2,1,1
Grandi,P,Por,VEN,1,0.1,6.0,0.5,0.0,0.0,0.0,1,1.0,,,0.0,,,,,,,,,,,,,,0.9494,1.351,0,0,0,0.0,0,1,0,False,0.0,0.5014,0.5014,161.1,167.3,168.0,6.9,0.7,1.0,2,1,1
Hasa,C,C;T,FRO,2,0.5,6.0,0.5,0.0,0.0,0.0,5,1.0,,,0.0,,,,,,,,,,,,,,0.9827,1.718,0,0,0,0.0,0,2,23,False,0.0,0.5014,0.5014,161.1,167.3,168.0,6.9,0.0,5.0,3,2,-2
Satalino,P,Por,SAS,1,0.1,6.0,0.5,0.0,0.0,0.0,1,7.0,,,0.0,,,,,,,,,,,,,,0.9714,1.594,0,0,0,0.0,0,1,0,False,0.0,0.5014,0.5014,161.1,167.3,168.0,6.9,0.7,1.0,2,1,1
Siviero,P,Por,TOR,1,0.1,6.0,0.5,0.0,0.0,0.0,1,1.0,,,0.0,,,,,,,,,,,,,,0.9571,1.436,0,0,0,0.0,0,2,0,False,0.0,0.5014,0.5014,161.1,167.3,168.0,6.9,0.7,1.0,2,1,1
Stolz,P,Por,GEN,1,0.1,6.0,0.5,0.0,0.0,0.0,1,2.0,,,0.0,,,,,,,,,,,,,,0.9593,1.46,0,0,0,0.0,0,2,0,False,0.0,0.5014,0.5014,161.1,167.3,168.0,6.9,0.7,1.0,2,1,1
Strajnar,P,Por,MON,1,0.1,6.0,0.5,0.0,0.0,0.0,1,,,,,,,,,,,,,,,,,,0.9337,1.178,0,0,0,0.0,0,2,0,False,0.0,0.5014,0.5014,161.1,167.3,168.0,6.9,0.7,1.0,2,1,1
Lolic,P,Por,FRO,1,0.1,6.0,0.5,0.0,0.0,0.0,1,,,,,,,,,,,,,,,,,,0.9827,1.718,0,0,0,0.0,0,0,0,False,0.0,0.5014,0.5014,161.1,167.3,168.0,6.9,0.7,1.0,2,1,1
De Marzi,P,Por,ROM,1,0.1,6.0,0.5,0.0,0.0,0.0,1,1.0,,,0.0,,,,,,,,,,,,,,1.0268,2.203,0,0,0,0.0,0,2,0,False,0.0,0.5014,0.5014,161.1,167.3,168.0,6.9,0.7,1.0,2,1,1
Happonen,P,Por,BOL,1,0.1,6.0,0.5,0.0,0.0,0.0,1,,,,,,,,,,,,,,,,,,1.004,1.952,0,0,0,0.0,0,2,0,False,0.0,0.5014,0.5014,161.1,167.3,168.0,6.9,0.7,1.0,2,1,1
Penev,P,Por,LEC,1,0.1,6.0,0.5,0.0,0.0,0.0,1,,,,,,,,,,,,,,,,,,0.9201,1.029,0,0,0,0.0,0,2,0,False,0.0,0.5014,0.5014,161.1,167.3,168.0,6.9,0.7,1.0,2,1,1
Diawara S.,D,Ds;Dc,MIL,2,0.4,6.0,0.5,0.0,0.0,0.0,4,,,,,,,,,,,,,,,,,,1.0464,2.419,0,0,0,0.0,0,2,0,False,0.0,0.5011,0.5011,161.1,167.3,168.0,6.9,0.0,4.0,3,2,-1
Massolin,C,C;T,CAG,4,1.2,6.0,0.5,0.0,0.0,0.0,12,,,,,,,,,,,,,,,,,,0.9604,1.472,0,0,0,0.0,0,0,0,False,0.0,0.501,0.501,161.1,167.3,168.0,6.9,0.0,12.0,7,4,-5
Cichella,C,M;C,FRO,4,1.2,6.0,0.5,0.0,0.0,0.0,12,,,,,,,,,,,,,,,,,,0.9827,1.718,0,0,0,0.0,1,1,67,True,0.5,0.501,0.501,174.1,195.5,196.6,22.5,12.8,12.0,7,4,-5
Frattesi,C,C;T,LAZ,10,7.5,6.0,0.5,0.0,0.0,0.0,75,7.0,5.997,4.36,2.76,1.0679,0.721,0.161,0.051,0.088,0.0,4.0,4.361,1.448,0.386,0.094,0.386,2.281,0.9953,1.856,122,11,0,0.474,1,1,126,True,0.5,0.5008,0.5391,180.9,195.7,195.7,14.8,13.0,75.0,48,24,-27
Soulè,A,A,ROM,13,4.8,6.0,0.5,0.0,0.0,0.0,48,1.0,6.12,6.12,0.0,,0.842,0.188,0.156,0.031,0.0,,,,,,,,1.0268,2.203,47,4,0,0.183,1,1,96,True,0.5,0.5007,0.5148,183.4,216.8,217.9,34.5,101.5,48.0,41,21,-7
Monteiro J.,C,W;A,LEC,7,2.3,6.0,0.5,0.0,0.0,0.0,23,,,,,,,,,,,,,,,,,,0.9201,1.029,0,0,0,0.0,0,0,0,False,0.0,0.5006,0.5006,161.1,167.3,168.0,6.9,0.0,23.0,13,7,-10
Tiago Gabriel,D,Dc,LEC,8,2.0,6.0,0.5,0.0,0.0,0.0,20,2.0,6.083,6.125,0.125,,0.5,0.056,0.0,0.194,0.0,1.0,3.984,0.028,0.111,0.001,0.111,0.558,0.9201,1.029,0,0,0,0.0,1,1,61,True,0.5,0.5006,0.5006,178.8,203.3,203.5,24.7,28.1,20.0,11,6,-9
Odenthal,D,Dc,SAS,3,0.8,6.0,0.5,0.0,0.0,0.0,8,1.0,,,0.0,,,,,,,,,,,,,,0.9714,1.594,2,2,0,0.008,1,1,90,True,0.5,0.5004,0.501,174.1,195.5,196.6,22.5,20.3,8.0,5,3,-3
Miranda J.,D,Ds;E,BOL,8,2.3,6.0,0.5,0.0,0.0,0.0,23,2.0,6.017,6.025,0.025,,0.789,0.017,0.15,0.167,0.0,2.0,0.586,5.723,0.023,0.213,0.023,0.65,1.004,1.952,25,4,0,0.097,1,1,90,True,0.5,0.5004,0.5078,176.1,197.7,197.7,21.6,22.5,23.0,12,6,-11
Foe Ondoa,C,C,MON,2,0.2,6.0,0.5,0.0,0.0,0.0,2,,,,,,,,,,,,,,,,,,0.9337,1.178,0,0,0,0.0,2,0,144,True,1.0,0.5004,0.5004,175.0,201.8,202.4,27.4,19.1,2.0,2,1,0
Fofana Y.,C,M;C,MIL,4,1.0,6.0,0.5,0.0,0.0,0.0,10,2.0,5.91,5.94,0.09,,0.882,0.045,0.134,0.134,0.0,1.0,0.101,0.181,,,,,1.0464,2.419,38,8,0,0.148,0,0,0,False,0.0,0.5004,0.5118,179.6,202.2,202.2,22.6,19.5,10.0,6,3,-4
Oulai,C,M;C,FIO,6,1.8,6.0,0.5,0.0,0.0,0.0,18,,,,,,,,,,,,,,,,,,1.0124,2.045,0,0,0,0.0,1,1,99,True,0.5,0.5003,0.5003,174.1,195.5,196.6,22.5,12.8,18.0,10,5,-8
Drobnic,D,Dc,PAR,2,0.1,6.0,0.5,0.0,0.0,0.0,1,,,,,,,,,,,,,,,,,,0.9545,1.408,0,0,0,0.0,1,1,90,True,0.5,0.5001,0.5001,174.1,195.5,196.6,22.5,20.3,1.0,1,1,0
Romano,C,M;C,CAG,7,2.1,6.0,0.5,0.0,0.0,0.0,21,,,,,,,,,,,,,,,,,,0.9604,1.472,0,0,0,0.0,2,0,180,True,1.0,0.5,0.5,175.0,201.8,202.4,27.4,19.1,21.0,12,6,-9
Pisseri,P,Por,FRO,1,0.1,6.0,0.5,0.0,0.0,0.0,1,,,,,,,,,,,,,,,,,,0.9827,1.718,6,3,0,0.023,0,2,0,False,0.0,0.4997,0.5014,161.1,167.3,168.0,6.9,0.7,1.0,2,1,1
Palmisani,P,Por,FRO,5,1.2,6.0,0.5,0.0,0.0,0.0,12,1.0,,,0.0,,,,,,,,,,,,,,0.9827,1.718,0,0,0,0.0,2,0,180,True,1.0,0.4997,0.4997,175.0,201.8,202.4,27.4,35.2,12.0,12,6,0
Kessiè,C,C,ATA,12,4.7,6.0,0.5,0.0,0.0,0.0,47,,,,,,,,,,,,,,,,,,1.0354,2.298,8,2,0,0.031,0,0,0,False,0.0,0.4996,0.5019,170.3,177.9,178.8,8.5,0.0,47.0,29,14,-18
Mrozek,P,Por,UDI,1,0.1,6.0,0.5,0.0,0.0,0.0,1,,,,,,,,,,,,,,,,,,0.965,1.523,7,2,0,0.027,0,1,0,False,0.0,0.4994,0.5014,161.1,167.3,168.0,6.9,0.7,1.0,2,1,1
Puczka,D,Ds;E,GEN,2,0.3,6.0,0.5,0.0,0.0,0.0,3,,,,,,,,,,,,,,,,,,0.9593,1.46,5,2,0,0.019,0,2,0,False,0.0,0.4993,0.5007,161.1,167.3,168.0,6.9,0.0,3.0,2,2,-1
Alhassane,D,Ds;E,BOL,2,0.6,6.0,0.5,0.0,0.0,0.0,6,,,,,,,,,,,,,,,,,,1.004,1.952,11,2,0,0.043,0,0,0,False,0.0,0.4985,0.5017,161.1,167.3,168.0,6.9,0.0,6.0,4,2,-2
Viery,D,Ds;Dc,FIO,6,1.2,6.0,0.5,0.0,0.0,0.0,12,,,,,,,,,,,,,,,,,,1.0124,2.045,0,0,0,0.0,0,2,29,False,0.0,0.4983,0.4983,161.1,167.3,168.0,6.9,0.0,12.0,7,4,-5
Kofler,D,Dc,CAG,5,0.8,6.0,0.5,0.0,0.0,0.0,8,,,,,,,,,,,,,,,,,,0.9604,1.472,0,0,0,0.0,0,2,33,False,0.0,0.4983,0.4983,161.1,167.3,168.0,6.9,0.0,8.0,5,3,-3
Adorante,A,Pc,VEN,4,0.8,6.0,0.5,0.0,0.0,0.0,8,2.0,,,0.0,,,,,,,,,,,,,,0.9494,1.351,5,2,0,0.019,0,0,0,False,0.0,0.4983,0.4997,161.1,167.3,168.0,6.9,52.0,8.0,7,4,-1
Beukema,D,Dc,NAP,6,1.2,6.0,0.5,0.0,0.0,0.0,12,3.0,5.945,5.96,0.042,-0.045,0.754,0.035,0.012,0.081,0.0,3.0,1.862,0.727,0.075,0.027,0.075,0.435,1.0241,2.173,36,5,0,0.14,0,2,0,False,0.0,0.4982,0.5089,164.2,169.8,171.5,7.3,0.0,12.0,7,4,-5
Bracaglia,D,Ds;Dc,FRO,7,1.5,6.0,0.5,0.0,0.0,0.0,15,,,,,,,,,,,,,,,,,,0.9827,1.718,0,0,0,0.0,2,0,150,True,1.0,0.498,0.498,175.0,201.8,202.4,27.4,26.6,15.0,8,4,-7
Brescianini,C,C;T,FIO,3,1.1,6.0,0.5,0.0,0.0,0.0,11,3.0,6.043,6.063,0.068,-0.06,0.667,0.132,0.053,0.053,0.0,3.0,2.98,1.534,0.184,0.096,0.184,1.339,1.0124,2.045,54,7,0,0.21,1,1,81,True,0.5,0.4979,0.5141,182.0,207.2,208.0,26.0,24.5,11.0,6,3,-5
Amondarain,C,M;C,BOL,5,1.0,6.0,0.5,0.0,0.0,0.0,10,,,,,,,,,,,,,,,,,,1.004,1.952,4,2,0,0.016,0,2,29,False,0.0,0.4978,0.499,161.1,167.3,168.0,6.9,0.0,10.0,6,3,-4
Piotrowski,C,M;C,UDI,6,1.5,6.0,0.5,0.0,0.0,0.0,15,1.0,5.88,5.88,0.0,,0.789,0.033,0.0,0.067,0.0,1.0,3.205,0.778,0.169,0.041,0.169,1.904,0.965,1.523,73,5,0,0.284,2,0,131,True,1.0,0.4978,0.52,175.9,196.7,196.7,20.8,14.0,15.0,8,5,-7
Caleta-Car,D,Dc,SAS,6,1.5,6.0,0.5,0.0,0.0,0.0,15,,,,,,,,,,,,,,,,,,0.9714,1.594,6,2,0,0.023,0,0,0,False,0.0,0.4976,0.4993,161.1,167.3,168.0,6.9,0.0,15.0,8,4,-7
Cinquegrano,D,Dd;E,SAS,2,0.4,6.0,0.5,0.0,0.0,0.0,4,,,,,,,,,,,,,,,,,,0.9714,1.594,13,3,0,0.051,2,0,180,True,1.0,0.4973,0.5011,175.0,201.8,202.4,27.4,26.6,4.0,3,2,-1
Cambiaso,D,Dd;Ds;E,JUV,8,1.8,6.0,0.5,0.0,0.0,0.0,18,5.0,5.935,5.962,0.091,-0.014,0.832,0.051,0.108,0.139,0.0,4.0,2.324,3.992,0.075,0.149,0.075,0.83,1.0076,1.992,72,8,0,0.28,0,2,31,False,0.0,0.4973,0.5191,179.2,184.7,185.1,5.9,9.5,18.0,10,5,-8
Unai Gomez,C,T,UDI,7,1.6,6.0,0.5,0.0,0.0,0.0,16,,,,,,,,,,,1.0,0.299,0.153,0.021,0.011,0.021,0.499,0.965,1.523,11,3,0,0.043,1,1,71,True,0.5,0.497,0.5002,172.0,189.9,190.6,18.6,7.2,16.0,9,5,-7
Mastantuono,C,W;T,FIO,11,5.0,6.0,0.5,0.0,0.0,0.0,50,,,,,,,,,,,1.0,0.883,0.43,0.138,0.067,0.138,0.469,1.0124,2.045,44,5,0,0.171,2,0,153,True,1.0,0.4969,0.51,174.1,195.5,196.6,22.5,12.8,50.0,31,15,-19
Osmajic,A,Pc,GEN,8,2.8,6.0,0.5,0.0,0.0,0.0,28,,,,,,,,,,,,,,,,,,0.9593,1.46,14,2,0,0.054,0,1,27,False,0.0,0.4969,0.501,161.1,167.3,168.0,6.9,52.0,28.0,24,12,-4
Torriani,P,Por,MIL,1,0.1,6.0,0.5,0.0,0.0,0.0,1,2.0,,,0.0,,,,,,,1.0,0.709,0.062,,,,,1.0464,2.419,31,2,0,0.121,0,2,0,False,0.0,0.4968,0.506,161.1,167.3,168.0,6.9,0.7,1.0,2,1,1
Lontani,A,A,PAR,3,1.1,6.0,0.5,0.0,0.0,0.0,11,,,,,,,,,,,1.0,0.255,0.137,0.024,0.013,0.024,0.561,0.9545,1.408,24,2,0,0.093,2,0,137,True,1.0,0.4967,0.5037,175.0,201.8,202.4,27.4,86.5,11.0,10,5,-1
Lucchesi,D,Dc,MON,3,1.1,6.0,0.5,0.0,0.0,0.0,11,1.0,,,0.0,,,,,,,,,,,,,,0.9337,1.178,18,3,0,0.07,2,0,149,True,1.0,0.4967,0.502,175.0,201.8,202.4,27.4,26.6,11.0,6,3,-5
Daffara,P,Por,PAR,6,0.7,6.0,0.5,0.0,0.0,0.0,7,,,,,,,,,,,,,,,,,,0.9545,1.408,0,0,0,0.0,0,2,0,False,0.0,0.4967,0.4967,161.1,167.3,168.0,6.9,0.7,7.0,7,4,0
Dagasso,C,C,VEN,1,0.1,6.0,0.5,0.0,0.0,0.0,1,,,,,,,,,,,,,,,,,,0.9494,1.351,18,3,0,0.07,0,2,20,False,0.0,0.4961,0.5014,161.1,167.3,168.0,6.9,0.0,1.0,1,1,0
Amey,D,Dc,FRO,1,0.1,6.0,0.5,0.0,0.0,0.0,1,3.0,,,0.0,,,,,,,,,,,,,,0.9827,1.718,18,3,0,0.07,0,2,0,False,0.0,0.4961,0.5014,161.1,167.3,168.0,6.9,0.0,1.0,1,1,0
Gallo,D,Ds;E,LEC,6,1.2,6.0,0.5,0.0,0.0,0.0,12,5.0,5.895,4.7,2.351,1.187,0.875,0.0,0.068,0.083,0.0,4.0,0.657,3.523,0.021,0.119,0.021,0.337,0.9201,1.029,54,8,0,0.21,1,1,45,True,0.5,0.496,0.5121,174.3,188.7,189.6,15.3,13.5,12.0,7,4,-5
Cutrone,A,Pc,MON,9,2.3,6.0,0.5,0.0,0.0,0.0,23,7.0,5.842,5.889,0.144,-0.0336,0.568,0.194,0.062,0.056,0.0,2.0,5.116,1.772,0.366,0.108,0.343,2.852,0.9337,1.178,36,3,0,0.14,1,1,110,True,0.5,0.4958,0.5064,180.6,205.8,206.3,25.7,90.5,23.0,20,10,-3
Favasuli,D,Dd;Ds;E,NAP,4,1.1,6.0,0.5,0.0,0.0,0.0,11,,,,,,,,,,,,,,,,,,1.0241,2.173,17,2,0,0.066,0,2,0,False,0.0,0.4957,0.5007,161.1,167.3,168.0,6.9,0.0,11.0,6,3,-5
Ricci S.,C,M;C,COM,4,1.2,6.0,0.5,0.0,0.0,0.0,12,5.0,6.003,6.0,0.104,0.014,0.789,0.04,0.04,0.167,0.0,4.0,1.683,2.156,0.072,0.09,0.072,0.949,1.0068,1.982,68,7,0,0.264,0,1,0,False,0.0,0.4957,0.5161,175.5,177.3,177.3,1.8,0.0,12.0,7,4,-5
Yeboah J.,A,A,VEN,9,2.7,6.0,0.5,0.0,0.0,0.0,27,1.0,5.91,5.91,0.0,,0.737,0.036,0.071,0.214,0.0,1.0,2.531,2.961,0.19,0.222,0.19,2.254,0.9494,1.351,52,8,0,0.202,2,0,170,True,1.0,0.4957,0.5112,179.2,197.4,197.4,18.2,82.1,27.0,23,12,-4
Fabbian,C,C;T,PAR,4,0.8,6.0,0.5,0.0,0.0,0.0,8,3.0,5.968,6.04,0.179,-0.215,0.579,0.152,0.015,0.121,0.0,3.0,3.083,1.706,0.29,0.144,0.29,1.999,0.9545,1.408,18,2,0,0.07,0,1,0,False,0.0,0.4952,0.5005,139.0,141.6,141.6,2.6,0.0,8.0,5,3,-3
Russo A.,P,Por,SAS,1,0.1,6.0,0.5,0.0,0.0,0.0,1,2.0,,,0.0,,,,,,,,,,,,,,0.9714,1.594,21,2,0,0.082,0,0,0,False,0.0,0.4952,0.5014,161.1,167.3,168.0,6.9,0.7,1.0,2,1,1
Marusic,D,Dd;Ds;E,LAZ,6,2.0,6.0,0.5,0.0,0.0,0.0,20,9.0,5.833,5.873,0.15,-0.019,0.798,0.055,0.048,0.103,0.0,4.0,1.727,1.106,0.046,0.036,0.046,0.514,0.9953,1.856,56,9,0,0.218,1,0,19,True,0.5,0.4948,0.5115,178.0,193.1,193.1,15.1,17.9,20.0,11,6,-9
Lahdo,C,C;T,COM,1,0.1,6.0,0.5,0.0,0.0,0.0,1,1.0,,,0.0,,,,,,,,,,,,,,1.0068,1.982,23,2,0,0.089,0,2,0,False,0.0,0.4947,0.5014,161.1,167.3,168.0,6.9,0.0,1.0,1,1,0
Luis Henrique,C,E;W,INT,5,1.2,6.0,0.5,0.0,0.0,0.0,12,1.0,5.89,5.89,0.0,,0.711,0.037,0.074,0.037,0.0,1.0,1.152,2.19,0.064,0.122,0.064,0.835,1.1,3.009,16,2,0,0.062,1,1,96,True,0.5,0.4946,0.4992,178.9,193.5,194.1,15.2,10.8,12.0,7,4,-5
Ellertsson,C,E;C,GEN,6,1.6,6.0,0.5,0.0,0.0,0.0,16,3.0,5.89,5.883,0.091,0.02,0.658,0.043,0.043,0.043,0.0,3.0,1.554,1.561,0.061,0.078,0.061,0.815,0.9593,1.46,8,2,0,0.031,2,0,180,True,1.0,0.4939,0.4962,180.0,206.0,206.1,26.1,23.3,16.0,9,5,-7
Keita M.,C,M;C,PAR,5,1.5,6.0,0.5,0.0,0.0,0.0,15,2.0,5.917,5.87,0.14,,0.842,0.016,0.031,0.078,0.0,1.0,1.875,0.209,0.262,0.029,0.262,1.957,0.9545,1.408,86,5,0,0.334,2,0,165,True,1.0,0.4937,0.5197,176.3,191.7,191.7,15.4,9.0,15.0,8,5,-7
Wesley,D,E,ROM,18,8.7,6.0,0.5,0.0,0.0,0.0,87,1.0,6.12,6.12,0.0,,0.789,0.167,0.0,0.167,0.0,1.0,2.484,5.352,0.09,0.195,0.09,0.909,1.0268,2.203,122,12,0,0.474,2,0,150,True,1.0,0.4937,0.5315,180.1,208.0,209.8,29.7,32.8,117.45,63,30,-24
Sorensen O.,C,C,PAR,3,1.2,6.0,0.5,0.0,0.0,0.0,12,1.0,5.85,5.85,0.0,,0.789,0.033,0.033,0.067,0.0,,,,,,,,0.9545,1.408,28,2,0,0.109,0,2,0,False,0.0,0.4931,0.5013,173.2,179.1,179.1,5.9,0.0,12.0,7,4,-5
Busio,C,M;C,VEN,5,1.4,6.0,0.5,0.0,0.0,0.0,14,2.0,5.893,5.89,0.01,,0.776,0.051,0.017,0.203,0.0,1.0,2.855,1.615,0.101,0.057,0.101,1.277,0.9494,1.351,83,3,0,0.323,2,0,180,True,1.0,0.4928,0.5179,181.5,197.4,197.4,15.9,14.7,14.0,8,4,-6
Britschgi,D,Dd;Ds;E,PAR,3,1.0,6.0,0.5,0.0,0.0,0.0,10,1.0,5.75,5.75,0.0,,0.737,0.0,0.071,0.179,0.0,1.0,0.41,2.035,0.018,0.087,0.018,0.556,0.9545,1.408,7,2,0,0.027,1,0,84,True,0.5,0.4923,0.4943,178.7,189.6,190.2,11.5,14.4,10.0,6,3,-4
Meichtry,C,W;T,GEN,5,1.1,6.0,0.5,0.0,0.0,0.0,11,,,,,,,,,,,,,,,,,,0.9593,1.46,24,4,0,0.093,0,2,28,False,0.0,0.4923,0.4993,161.1,167.3,168.0,6.9,0.0,11.0,6,3,-5
Maignan,P,Por,MIL,15,5.2,6.0,0.5,0.0,0.0,0.0,52,5.0,6.198,6.184,0.08,-0.0,0.826,0.0,0.013,0.045,0.0,4.0,,0.183,0.0,0.006,0.0,0.0,1.0464,2.419,75,12,0,0.292,2,0,180,True,1.0,0.4919,0.5144,174.3,204.9,204.9,30.6,38.3,52.0,64,31,12
Comotto,C,M;C,MIL,1,0.1,6.0,0.5,0.0,0.0,0.0,1,,,,,,,,,,,,,,,,,,1.0464,2.419,39,2,0,0.152,0,2,0,False,0.0,0.49,0.5014,161.1,167.3,168.0,6.9,0.0,1.0,1,1,0
Koulierakis,D,Dc,ROM,8,1.5,6.0,0.5,0.0,0.0,0.0,15,,,,,,,,,,,,,,,,,,1.0268,2.203,23,8,0,0.089,0,2,22,False,0.0,0.49,0.4966,161.1,167.3,168.0,6.9,0.0,15.0,8,4,-7
Ranieri L.,D,Ds;Dc,FIO,3,1.0,6.0,0.5,0.0,0.0,0.0,10,6.0,5.875,5.847,0.227,0.0577,0.57,0.042,0.025,0.319,0.0,4.0,1.739,0.83,0.055,0.037,0.055,0.442,1.0124,2.045,0,0,0,0.0,1,1,90,True,0.5,0.4897,0.4897,181.6,194.2,194.3,12.7,19.0,10.0,6,3,-4
Perri,P,Por,TOR,9,2.6,6.0,0.5,0.0,0.0,0.0,26,,,,,,,,,,,,,,,,,,0.9571,1.436,32,2,0,0.124,0,0,0,False,0.0,0.4896,0.4989,161.1,167.3,168.0,6.9,0.7,26.0,28,14,2
Halhal,D,Dc,VEN,3,1.0,6.0,0.5,0.0,0.0,0.0,10,,,,,,,,,,,,,,,,,,0.9494,1.351,42,3,0,0.163,0,2,46,False,0.0,0.4894,0.5017,161.1,167.3,168.0,6.9,0.0,10.0,6,3,-4
Valdepenas,D,Ds;Dc,FIO,5,1.6,6.0,0.5,0.0,0.0,0.0,16,,,,,,,,,,,,,,,,,,1.0124,2.045,41,3,0,0.159,1,1,100,True,0.5,0.4891,0.501,172.0,189.9,190.6,18.6,14.7,16.0,9,5,-7
Caprile,P,Por,CAG,10,2.5,6.0,0.5,0.0,0.0,0.0,25,3.0,6.255,6.25,0.037,0.015,0.728,0.0,0.0,0.024,0.0,3.0,,0.106,0.0,0.004,0.0,0.0,0.9604,1.472,51,4,0,0.198,2,0,180,True,1.0,0.4888,0.5038,175.9,206.2,206.4,30.5,39.6,25.0,27,13,2
Akpoguma,D,Dc,FRO,3,0.6,6.0,0.5,0.0,0.0,0.0,6,,,,,,,,,,,,,,,,,,0.9827,1.718,40,3,0,0.156,0,2,0,False,0.0,0.4887,0.5004,161.1,167.3,168.0,6.9,0.0,6.0,4,2,-2
Mout,C,C,MON,1,1.2,6.0,0.5,0.0,0.0,0.0,12,,,,,,,,,,,,,,,,,,0.9337,1.178,56,2,0,0.218,2,0,124,True,1.0,0.4886,0.5051,174.1,195.5,196.6,22.5,12.8,12.0,7,4,-5
Sohm,C,C,VEN,5,1.1,6.0,0.5,0.0,0.0,0.0,11,3.0,5.777,5.777,0.179,0.0,0.684,0.064,0.013,0.141,0.0,2.0,1.979,2.338,0.104,0.094,0.104,0.867,0.9494,1.351,31,5,0,0.121,0,2,25,False,0.0,0.4885,0.4975,152.0,152.4,153.9,1.9,0.0,11.0,6,3,-5
Grabara,P,Por,JUV,1,0.1,6.0,0.5,0.0,0.0,0.0,1,,,,,,,,,,,,,,,,,,1.0076,1.992,44,6,0,0.171,0,1,0,False,0.0,0.4885,0.5014,161.1,167.3,168.0,6.9,0.7,1.0,2,1,1
Comert,D,Dc,TOR,4,1.2,6.0,0.5,0.0,0.0,0.0,12,,,,,,,,,,,,,,,,,,0.9571,1.436,45,3,0,0.175,1,0,67,True,0.5,0.4878,0.501,172.0,189.9,190.6,18.6,14.7,12.0,7,4,-5
Zaccagni,C,W;A,LAZ,16,8.7,6.0,0.5,0.0,0.0,0.0,87,9.0,6.072,6.118,0.349,0.0402,0.661,0.181,0.122,0.226,0.023,4.0,6.406,3.979,0.252,0.148,0.224,1.681,0.9953,1.856,234,18,0,0.7,2,0,180,True,1.0,0.4873,0.5445,182.0,205.1,206.3,24.3,22.4,87.0,57,28,-30
Zappacosta,D,Dd;E,ATA,8,1.9,6.0,0.5,0.0,0.0,0.0,19,10.0,6.01,5.955,0.199,0.0248,0.616,0.089,0.076,0.125,0.0,4.0,3.143,2.828,0.118,0.126,0.118,1.537,1.0354,2.298,60,10,0,0.233,2,0,180,True,1.0,0.4869,0.5045,181.2,207.8,208.1,26.9,32.6,19.0,10,5,-9
Berardi,A,A,SAS,19,10.6,6.0,0.5,0.0,0.0,0.0,106,10.0,6.428,6.33,0.321,0.0625,0.724,0.36,0.204,0.225,0.135,3.0,7.442,5.008,0.413,0.253,0.207,2.934,0.9714,1.594,325,9,1,1.0,0,1,18,False,0.0,0.4866,0.5725,159.3,199.4,199.4,40.1,84.1,106.0,91,45,-15
Moro N.,C,M;C,BOL,4,1.4,6.0,0.5,0.0,0.0,0.0,14,4.0,5.97,6.0,0.043,-0.036,0.566,0.047,0.058,0.035,0.0,1.0,0.833,0.261,,,,,1.004,1.952,0,0,0,0.0,0,2,10,False,0.0,0.4866,0.4866,129.8,129.8,129.8,0.0,0.0,14.0,8,4,-6
Hutchinson,C,W;A,MIL,8,2.5,6.0,0.5,0.0,0.0,0.0,25,,,,,,,,,,,,,,,,,,1.0464,2.419,47,5,0,0.183,0,0,0,False,0.0,0.4863,0.5,161.1,167.3,168.0,6.9,0.0,25.0,14,7,-11
Gudmundsson A.,C,T;A,FIO,12,4.0,6.0,0.5,0.0,0.0,0.0,40,4.0,6.058,6.037,0.294,0.025,0.651,0.263,0.081,0.131,0.091,3.0,6.281,3.707,0.289,0.151,0.186,1.689,1.0124,2.045,147,14,0,0.572,1,1,71,True,0.5,0.4862,0.5318,180.6,204.7,206.5,25.9,22.0,40.0,24,12,-16
Bastoni,D,Dc,INT,14,4.3,6.0,0.5,0.0,0.0,0.0,43,10.0,6.293,6.173,0.136,0.0232,0.611,0.031,0.075,0.163,0.0,4.0,1.269,3.497,0.047,0.137,0.047,0.557,1.1,3.009,57,7,0,0.222,2,0,180,True,1.0,0.4849,0.5016,178.3,210.8,211.0,32.7,35.6,75.0,40,19,-3
Geubbels,A,Pc,LEC,8,2.3,6.0,0.5,0.0,0.0,0.0,23,,,,,,,,,,,,,,,,,,0.9201,1.029,52,6,0,0.202,2,0,128,True,1.0,0.4842,0.4993,174.1,195.5,196.6,22.5,80.2,23.0,20,10,-3
Dybala,A,A,ROM,16,10.0,6.0,0.5,0.0,0.0,0.0,100,11.0,6.37,6.401,0.211,-0.0014,0.703,0.391,0.207,0.075,0.102,4.0,7.3,6.327,0.464,0.347,0.297,2.975,1.0268,2.203,347,18,1,1.0,2,0,163,True,1.0,0.484,0.5694,179.0,223.3,227.5,48.5,108.0,100.0,86,43,-14
Heggem,D,Ds;Dc,BOL,6,1.5,6.0,0.5,0.0,0.0,0.0,15,1.0,5.84,5.84,0.0,,0.658,0.0,0.0,0.0,0.0,1.0,1.015,0.051,0.043,0.002,0.043,0.469,1.004,1.952,24,3,0,0.093,2,0,180,True,1.0,0.4838,0.4906,174.1,199.4,199.4,25.3,24.2,15.0,8,4,-7
Di Lorenzo,D,Dd;E,NAP,12,3.9,6.0,0.5,0.0,0.0,0.0,39,8.0,6.102,6.08,0.115,0.0245,0.905,0.076,0.091,0.153,0.0,4.0,2.678,4.399,0.084,0.131,0.084,0.848,1.0241,2.173,92,4,1,0.658,2,0,180,True,1.0,0.4835,0.5365,181.2,196.8,196.8,15.6,21.6,75.0,40,19,1
Biraghi,D,B;Ds;E,TOR,2,0.5,6.0,0.5,0.0,0.0,0.0,5,11.0,5.732,5.314,1.687,0.2732,0.768,0.051,0.116,0.171,0.007,4.0,0.5,3.439,0.053,0.176,0.033,0.756,0.9571,1.436,48,9,0,0.187,0,1,0,False,0.0,0.4833,0.4972,165.7,166.3,166.9,1.2,0.0,5.0,3,2,-2
Couto,D,Dd;E,COM,8,2.5,6.0,0.5,0.0,0.0,0.0,25,,,,,,,,,,,,,,,,,,1.0068,1.982,58,8,0,0.226,2,0,147,True,1.0,0.483,0.5,174.1,195.5,196.6,22.5,20.3,25.0,13,7,-12
Santos A.,A,W;A,NAP,14,6.1,6.0,0.5,0.0,0.0,0.0,61,1.0,6.35,6.35,0.0,,0.342,0.308,0.0,0.077,0.0,1.0,1.511,1.612,0.163,0.174,0.163,3.122,1.0241,2.173,0,0,0,0.0,1,1,100,True,0.5,0.4828,0.4828,180.4,234.6,243.3,62.9,119.3,61.0,52,26,-9
Bernardeschi,C,W;T,BOL,10,2.7,6.0,0.5,0.0,0.0,0.0,27,8.0,5.947,5.969,0.236,-0.0427,0.664,0.124,0.104,0.183,0.02,1.0,3.179,3.57,0.239,0.268,0.182,2.93,1.004,1.952,84,5,0,0.327,1,1,120,True,0.5,0.4827,0.5076,182.0,196.4,196.5,14.5,13.7,27.0,15,8,-12
Moreira,C,W,MIL,11,4.5,6.0,0.5,0.0,0.0,0.0,45,,,,,,,,,,,,,,,,,,1.0464,2.419,70,7,0,0.272,0,2,0,False,0.0,0.4821,0.5026,167.9,172.7,172.7,4.8,0.0,45.0,27,14,-18
Lauberbach,A,Pc,VEN,1,0.1,6.0,0.5,0.0,0.0,0.0,1,,,,,,,,,,,,,,,,,,0.9494,1.351,66,5,0,0.257,0,2,10,False,0.0,0.4821,0.5014,157.0,161.7,161.7,4.7,46.4,1.0,2,1,1
Azon,A,Pc,COM,1,0.1,6.0,0.5,0.0,0.0,0.0,1,2.0,,,0.0,,,,,,,,,,,,,,1.0068,1.982,68,4,0,0.264,0,1,0,False,0.0,0.4815,0.5014,157.0,161.7,161.7,4.7,46.4,1.0,2,1,1
Troilo,D,Dc,PAR,3,1.4,6.0,0.5,0.0,0.0,0.0,14,1.0,5.79,5.79,0.0,,0.553,0.048,0.0,0.238,0.0,1.0,0.977,0.657,0.054,0.036,0.054,0.497,0.9545,1.408,0,0,0,0.0,2,0,175,True,1.0,0.4813,0.4813,179.2,197.3,197.7,18.5,22.1,14.0,8,4,-6
Romagnoli,D,Dc,LAZ,6,2.0,6.0,0.5,0.0,0.0,0.0,20,11.0,5.955,6.029,0.12,-0.0041,0.766,0.037,0.006,0.197,0.0,4.0,2.095,0.352,0.056,0.012,0.056,0.447,0.9953,1.856,111,12,0,0.432,0,2,0,False,0.0,0.4813,0.5147,159.8,162.8,162.8,3.0,0.0,20.0,11,6,-9
Ghilardi,D,Dc,ROM,5,1.0,6.0,0.5,0.0,0.0,0.0,10,2.0,5.897,5.855,0.125,,0.592,0.0,0.0,0.178,0.0,2.0,0.552,0.304,0.032,0.018,0.032,0.436,1.0268,2.203,4,2,0,0.016,1,1,90,True,0.5,0.4811,0.4823,174.9,192.4,192.5,17.6,17.2,10.0,6,3,-4
Noslin,A,A,LAZ,6,0.8,6.0,0.5,0.0,0.0,0.0,8,3.0,6.068,6.123,0.16,-0.165,0.518,0.186,0.136,0.136,0.0,3.0,3.651,1.953,0.288,0.159,0.288,2.446,0.9953,1.856,60,6,0,0.233,0,2,11,False,0.0,0.4811,0.4985,117.5,130.7,130.7,13.2,15.4,8.0,7,4,-1
Vlasic,C,T,TOR,13,7.3,6.0,0.5,0.0,0.0,0.0,73,4.0,6.042,6.085,0.08,-0.052,0.882,0.157,0.104,0.082,0.052,4.0,5.368,3.725,0.169,0.127,0.124,1.523,0.9571,1.436,163,9,1,0.934,2,0,180,True,1.0,0.481,0.5594,179.0,189.1,191.1,12.1,6.4,73.0,47,23,-26
Caqueret,C,C;T,COM,6,1.7,6.0,0.5,0.0,0.0,0.0,17,2.0,6.187,6.225,0.115,,0.579,0.091,0.159,0.159,0.0,2.0,1.415,2.444,0.087,0.169,0.087,0.899,1.0068,1.982,63,3,0,0.245,0,2,33,False,0.0,0.4793,0.4976,130.6,138.6,138.6,8.0,0.0,17.0,9,5,-8
Veiga D.,D,Dd;E,LEC,6,1.2,6.0,0.5,0.0,0.0,0.0,12,2.0,5.79,5.775,0.045,,0.618,0.0,0.0,0.191,0.0,2.0,0.413,0.881,0.026,0.047,0.026,0.295,0.9201,1.029,4,2,0,0.016,2,0,180,True,1.0,0.4786,0.4798,178.8,193.0,193.3,14.5,17.8,12.0,7,4,-5
Grillitsch,C,M;C,FRO,4,1.0,6.0,0.5,0.0,0.0,0.0,10,,,,,,,,,,,,,,,,,,0.9827,1.718,77,10,0,0.299,0,2,8,False,0.0,0.478,0.5004,157.0,161.7,161.7,4.7,0.0,10.0,6,3,-4
Adams A.,A,Pc,VEN,11,3.5,6.0,0.5,0.0,0.0,0.0,35,2.0,5.987,5.99,0.01,,0.882,0.224,0.104,0.045,0.0,2.0,7.577,2.696,0.319,0.107,0.304,2.315,0.9494,1.351,179,8,1,0.996,2,0,180,True,1.0,0.4779,0.5618,178.9,194.3,196.1,17.2,79.0,35.0,30,15,-5
Zortea,D,Dd;E,BOL,7,1.9,6.0,0.5,0.0,0.0,0.0,19,5.0,5.98,5.974,0.138,0.023,0.632,0.083,0.1,0.142,0.0,4.0,1.275,2.887,0.056,0.154,0.056,0.851,1.004,1.952,58,5,0,0.226,1,1,87,True,0.5,0.4776,0.4944,181.2,200.6,200.6,19.4,25.4,19.0,10,5,-9
Pellegrino M.,A,Pc,FIO,14,4.0,6.0,0.5,0.0,0.0,0.0,40,2.0,6.04,6.065,0.075,,0.632,0.25,0.0,0.146,0.021,1.0,0.113,0.083,0.017,0.012,0.017,0.443,1.0124,2.045,34,3,0,0.132,2,0,180,True,1.0,0.4769,0.4865,180.1,228.3,234.2,54.1,113.0,40.0,34,17,-6
Zielinski,C,C,INT,12,4.5,6.0,0.5,0.0,0.0,0.0,45,11.0,6.108,6.165,0.145,-0.0136,0.864,0.139,0.119,0.089,0.011,4.0,2.41,4.323,0.129,0.213,0.091,1.591,1.1,3.009,203,12,0,0.7,1,1,108,True,0.5,0.4767,0.5326,179.0,190.1,191.1,12.1,7.4,45.0,27,14,-18
Fadera,C,W,CAG,2,1.2,6.0,0.5,0.0,0.0,0.0,12,2.0,5.947,5.96,0.04,,0.632,0.062,0.083,0.125,0.0,2.0,2.174,2.117,0.143,0.146,0.143,1.413,0.9604,1.472,92,5,0,0.358,0,2,33,False,0.0,0.4765,0.5035,141.4,141.9,141.9,0.5,0.0,12.0,7,4,-5
De Roon,C,M;C,ROM,4,1.0,6.0,0.5,0.0,0.0,0.0,10,10.0,6.03,6.014,0.069,0.0069,0.882,0.06,0.063,0.23,0.006,4.0,0.935,1.938,0.031,0.061,0.031,0.515,1.0268,2.203,72,4,1,0.58,0,1,12,False,0.0,0.476,0.5214,181.2,190.6,191.0,9.8,7.9,10.0,6,3,-4
Koopmeiners,C,C;T,JUV,7,1.5,6.0,0.5,0.0,0.0,0.0,15,5.0,5.88,6.136,0.289,-0.17,0.8,0.191,0.099,0.158,0.026,4.0,3.608,4.172,0.209,0.161,0.165,1.771,1.0076,1.992,153,8,0,0.595,0,2,20,False,0.0,0.4759,0.5225,170.0,182.7,183.8,13.8,0.0,15.0,8,5,-7
Ekhator,A,A,JUV,3,1.0,6.0,0.5,0.0,0.0,0.0,10,2.0,5.93,5.915,0.045,,0.526,0.1,0.025,0.1,0.0,2.0,2.568,1.122,0.245,0.122,0.245,1.629,1.0076,1.992,57,5,0,0.222,0,1,0,False,0.0,0.4759,0.4923,113.4,115.3,120.3,6.9,0.0,10.0,9,5,-1
Musah,C,C;W,MIL,3,1.5,6.0,0.5,0.0,0.0,0.0,15,3.0,5.853,5.85,0.113,0.01,0.588,0.015,0.045,0.164,0.0,3.0,1.348,1.428,0.099,0.106,0.099,1.068,1.0464,2.419,49,6,0,0.191,2,0,180,True,1.0,0.4759,0.4899,177.4,192.9,194.1,16.7,10.2,15.0,8,5,-7
Kabasele,D,Dc,UDI,4,1.2,6.0,0.5,0.0,0.0,0.0,12,3.0,5.895,5.857,0.095,0.115,0.474,0.114,0.0,0.114,0.0,3.0,1.747,0.339,0.102,0.021,0.102,0.629,0.965,1.523,14,2,0,0.054,0,0,0,False,0.0,0.4757,0.4796,109.2,109.8,112.3,3.1,0.0,12.0,7,4,-5
Kamara H.,D,Ds;E,UDI,9,1.2,6.0,0.5,0.0,0.0,0.0,12,3.0,5.927,5.957,0.076,-0.09,0.763,0.023,0.069,0.172,0.0,3.0,1.117,2.894,0.061,0.126,0.061,0.858,0.965,1.523,85,8,0,0.331,2,0,180,True,1.0,0.4755,0.5003,175.4,197.4,197.4,22.0,22.2,12.0,7,4,-5
Ndour,C,C,FIO,7,2.2,6.0,0.5,0.0,0.0,0.0,22,2.0,5.77,5.755,0.045,,0.487,0.1,0.0,0.067,0.0,2.0,1.792,0.174,0.109,0.014,0.109,1.109,1.0124,2.045,3,2,0,0.012,2,0,152,True,1.0,0.4753,0.4762,177.9,206.0,206.2,28.3,23.3,22.0,12,7,-10
Tchato,D,Dd;E,FRO,3,0.8,6.0,0.5,0.0,0.0,0.0,8,,,,,,,,,,,,,,,,,,0.9827,1.718,89,4,0,0.346,0,0,0,False,0.0,0.475,0.501,157.0,161.7,161.7,4.7,0.0,8.0,5,3,-3
Mitaj,D,Ds;E,GEN,4,1.0,6.0,0.5,0.0,0.0,0.0,10,,,,,,,,,,,,,,,,,,0.9593,1.46,87,6,0,0.338,0,2,0,False,0.0,0.475,0.5004,157.0,161.7,161.7,4.7,0.0,10.0,6,3,-4
Montipò,P,Por,VEN,1,0.1,6.0,0.5,0.0,0.0,0.0,1,1.0,6.2,6.2,0.0,,0.921,0.0,0.029,0.0,0.0,4.0,,0.058,0.0,0.002,0.0,0.0,0.9494,1.351,91,4,1,0.654,0,2,0,False,0.0,0.4748,0.5264,178.2,200.5,200.5,22.3,33.9,1.0,2,1,1
Masini,C,M;C,FRO,3,0.8,6.0,0.5,0.0,0.0,0.0,8,2.0,6.007,6.02,0.04,,0.513,0.026,0.026,0.179,0.0,2.0,1.499,0.746,0.076,0.046,0.076,0.805,0.9827,1.718,41,4,0,0.159,1,1,121,True,0.5,0.4744,0.486,176.4,193.1,194.2,17.8,10.4,8.0,5,3,-3
Perrone,C,M;C,COM,10,3.4,6.0,0.5,0.0,0.0,0.0,34,2.0,6.127,6.08,0.14,,0.803,0.049,0.115,0.23,0.0,2.0,1.973,2.248,0.067,0.087,0.067,0.545,1.0068,1.982,82,4,1,0.619,1,1,69,True,0.5,0.4744,0.523,179.2,188.0,188.4,9.2,5.3,34.0,20,10,-14
Birindelli,D,Dd;Ds;E,MON,4,1.2,6.0,0.5,0.0,0.0,0.0,12,3.0,5.947,5.927,0.071,0.06,0.719,0.037,0.024,0.207,0.0,3.0,1.532,2.015,0.078,0.111,0.078,0.994,0.9337,1.178,107,6,0,0.416,2,0,174,True,1.0,0.4742,0.5058,178.6,191.7,191.7,13.1,16.5,12.0,7,4,-5
Celik,D,B;Dd;E,JUV,8,1.6,6.0,0.5,0.0,0.0,0.0,16,4.0,5.998,5.92,0.153,0.094,0.625,0.011,0.053,0.137,0.0,4.0,1.111,1.733,0.036,0.087,0.036,0.529,1.0076,1.992,60,10,0,0.233,2,0,159,True,1.0,0.4737,0.4909,174.8,198.7,200.0,25.2,23.5,16.0,9,5,-7
Elmas,C,W;T,ATA,7,2.2,6.0,0.5,0.0,0.0,0.0,22,7.0,5.94,6.004,0.122,-0.005,0.586,0.116,0.082,0.136,0.007,4.0,2.372,1.272,0.181,0.097,0.167,1.613,1.0354,2.298,78,6,0,0.303,0,2,42,False,0.0,0.4737,0.4963,130.0,132.3,133.1,3.1,0.0,22.0,12,7,-10
Taylor K.,C,C;T,LAZ,13,5.3,6.0,0.5,0.0,0.0,0.0,53,1.0,6.06,6.06,0.0,,0.447,0.176,0.118,0.294,0.0,1.0,2.089,1.084,0.133,0.069,0.133,1.016,0.9953,1.856,44,6,0,0.171,2,0,180,True,1.0,0.4737,0.4862,181.2,215.8,217.5,36.3,33.1,53.0,33,16,-20
Akanji,D,Dc,INT,15,4.7,6.0,0.5,0.0,0.0,0.0,47,1.0,6.28,6.28,0.0,,0.842,0.062,0.0,0.125,0.0,1.0,2.299,0.326,0.074,0.01,0.074,0.736,1.1,3.009,112,6,1,0.736,2,0,143,True,1.0,0.4734,0.5322,177.9,191.2,192.7,14.8,16.0,75.0,40,19,-7
Gatti,D,Dc,JUV,4,1.0,6.0,0.5,0.0,0.0,0.0,10,4.0,6.012,5.998,0.083,0.017,0.605,0.076,0.0,0.174,0.0,4.0,2.913,0.964,0.138,0.047,0.138,1.06,1.0076,1.992,108,8,0,0.42,0,1,0,False,0.0,0.4726,0.5044,134.2,136.3,136.3,2.1,0.0,10.0,6,3,-4
Casadei,C,C;T,TOR,9,2.7,6.0,0.5,0.0,0.0,0.0,27,3.0,4.995,4.0,2.829,2.985,0.618,0.149,0.021,0.128,0.0,2.0,3.518,1.1,0.177,0.066,0.177,1.47,0.9571,1.436,3,2,0,0.012,1,0,70,True,0.5,0.4724,0.4733,172.5,188.8,195.4,22.9,6.1,27.0,15,8,-12
Konè I.,C,C,SAS,8,2.0,6.0,0.5,0.0,0.0,0.0,20,1.0,6.19,6.19,0.0,,0.921,0.171,0.0,0.086,0.0,1.0,5.083,1.76,0.164,0.057,0.164,0.741,0.9714,1.594,250,6,1,1.0,0,0,0,False,0.0,0.4724,0.5558,179.0,199.7,200.3,21.3,17.0,20.0,11,6,-9
Terracciano,P,Por,MIL,1,0.1,6.0,0.5,0.0,0.0,0.0,1,8.0,6.102,6.171,0.151,-0.0394,0.395,0.0,0.0,0.043,0.0,4.0,1.273,0.801,0.046,0.051,0.046,0.473,1.0464,2.419,12,2,0,0.047,0,1,0,False,0.0,0.4723,0.4757,90.9,90.9,94.7,3.8,0.0,1.0,2,1,1
Zalewski,C,W,ATA,7,1.8,6.0,0.5,0.0,0.0,0.0,18,6.0,6.027,5.96,0.103,0.0246,0.518,0.043,0.077,0.094,0.0,4.0,1.897,2.826,0.089,0.167,0.089,1.377,1.0354,2.298,54,7,0,0.21,1,1,95,True,0.5,0.4723,0.4877,180.5,198.9,198.9,18.4,16.2,18.0,10,5,-8
Sabelli,D,Dd;Ds;E,GEN,2,0.5,6.0,0.5,0.0,0.0,0.0,5,6.0,5.848,5.843,0.068,-0.0029,0.544,0.0,0.055,0.118,0.0,3.0,0.394,1.618,0.023,0.08,0.023,0.377,0.9593,1.46,17,3,0,0.066,0,2,0,False,0.0,0.4722,0.4769,116.2,116.9,120.4,4.2,0.0,5.0,3,2,-2
Terracciano F.,D,B;Dd;Ds,MIL,2,0.4,6.0,0.5,0.0,0.0,0.0,4,4.0,5.815,5.885,0.132,-0.084,0.487,0.03,0.03,0.149,0.0,4.0,1.273,0.801,0.046,0.051,0.046,0.473,1.0464,2.419,12,2,0,0.047,0,0,0,False,0.0,0.4718,0.4751,103.4,105.4,110.8,7.4,0.0,4.0,3,2,-1
Doig,D,Ds;E,SAS,5,1.0,6.0,0.5,0.0,0.0,0.0,10,3.0,5.877,5.913,0.111,-0.11,0.667,0.026,0.079,0.171,0.0,3.0,0.776,1.412,0.042,0.069,0.042,0.689,0.9714,1.594,67,4,0,0.261,2,0,151,True,1.0,0.4718,0.491,175.3,196.7,196.7,21.4,21.5,10.0,6,3,-4
Akinsanmiro,C,C,MON,7,1.1,6.0,0.5,0.0,0.0,0.0,11,1.0,5.8,5.8,0.0,,0.605,0.0,0.043,0.087,0.0,1.0,1.113,1.643,0.069,0.103,0.069,0.812,0.9337,1.178,36,4,0,0.14,0,1,36,False,0.0,0.4715,0.4816,133.4,133.4,136.1,2.7,0.0,11.0,6,3,-5
Nicolussi Caviglia,C,M;C,PAR,6,1.6,6.0,0.5,0.0,0.0,0.0,16,7.0,5.998,4.249,2.69,0.6425,0.405,0.072,0.101,0.159,0.0,4.0,1.194,1.237,0.059,0.086,0.059,1.41,0.9545,1.408,0,0,0,0.0,0,0,0,False,0.0,0.4709,0.4709,93.6,93.6,96.9,3.3,0.0,16.0,9,5,-7
Winks,C,M;C,CAG,6,1.5,6.0,0.5,0.0,0.0,0.0,15,1.0,5.78,5.78,0.0,,0.526,0.0,0.0,0.1,0.0,1.0,0.422,0.979,0.022,0.051,0.022,0.732,0.9604,1.472,0,0,0,0.0,2,0,147,True,1.0,0.4708,0.4708,178.7,194.1,195.4,16.7,11.4,15.0,8,5,-7
Smolcic I.,D,Dd;E,COM,4,1.0,6.0,0.5,0.0,0.0,0.0,10,2.0,5.91,5.885,0.075,,0.434,0.0,0.04,0.32,0.0,2.0,1.013,0.79,0.074,0.061,0.074,0.74,1.0068,1.982,0,0,0,0.0,0,2,33,False,0.0,0.4705,0.4705,92.6,92.6,98.5,5.9,0.0,10.0,6,3,-4
Colpani,C,T,MON,9,1.5,6.0,0.5,0.0,0.0,0.0,15,3.0,5.988,6.037,0.165,-0.145,0.754,0.163,0.058,0.035,0.0,3.0,3.752,3.17,0.186,0.167,0.186,2.189,0.9337,1.178,85,3,1,0.631,2,0,154,True,1.0,0.4704,0.5196,183.0,202.1,202.9,19.9,19.4,15.0,8,5,-7
Pongracic,D,Dc,FIO,4,0.8,6.0,0.5,0.0,0.0,0.0,8,4.0,5.86,5.907,0.066,-0.057,0.638,0.0,0.0,0.239,0.0,4.0,0.544,0.427,0.022,0.018,0.022,0.271,1.0124,2.045,59,3,0,0.229,1,1,61,True,0.5,0.4698,0.4865,175.2,184.3,184.4,9.2,9.1,8.0,5,3,-3
Pellegrini Lu.,D,Ds;E,LAZ,2,0.7,6.0,0.5,0.0,0.0,0.0,7,8.0,5.917,5.94,0.18,0.0055,0.431,0.016,0.094,0.312,0.0,4.0,5.068,3.937,0.278,0.186,0.215,2.2,0.9953,1.856,99,13,0,0.385,0,0,0,False,0.0,0.4696,0.4984,88.5,88.5,95.2,6.7,0.0,7.0,4,3,-3
Bellanova,D,Dd;E,ATA,6,1.7,6.0,0.5,0.0,0.0,0.0,17,7.0,5.947,5.117,2.092,0.4236,0.596,0.015,0.133,0.096,0.0,4.0,1.215,3.886,0.062,0.188,0.062,0.822,1.0354,2.298,71,3,0,0.276,0,2,12,False,0.0,0.4695,0.4898,132.8,132.8,134.2,1.4,0.0,17.0,9,5,-8
Fagioli,C,M;C,FIO,7,2.0,6.0,0.5,0.0,0.0,0.0,20,7.0,5.998,4.306,2.724,0.8568,0.468,0.075,0.1,0.15,0.0,4.0,1.295,2.637,0.073,0.157,0.073,1.1,1.0124,2.045,33,4,0,0.128,1,1,90,True,0.5,0.469,0.4782,181.2,200.4,200.4,19.2,17.7,20.0,11,6,-9
Skorupski,P,Por,BOL,10,3.2,6.0,0.5,0.0,0.0,0.0,32,11.0,6.18,6.2,0.127,-0.0124,0.766,0.0,0.0,0.063,0.0,4.0,,0.0,0.0,0.0,0.0,0.0,1.004,1.952,131,7,0,0.509,2,0,180,True,1.0,0.4688,0.5075,174.1,197.8,197.8,23.7,31.2,32.0,36,18,4
Ngonge,A,A,MON,5,1.3,6.0,0.5,0.0,0.0,0.0,13,4.0,5.85,5.938,0.158,-0.105,0.421,0.19,0.069,0.172,0.0,4.0,2.51,0.982,0.268,0.096,0.268,3.012,0.9337,1.178,28,5,0,0.109,0,0,0,False,0.0,0.4686,0.4764,101.3,102.8,102.8,1.5,0.0,13.0,12,6,-1
Franjic,D,B;Ds;E,VEN,3,0.7,6.0,0.5,0.0,0.0,0.0,7,,,,,,,,,,,,,,,,,,0.9494,1.351,110,6,0,0.428,2,0,134,True,1.0,0.4686,0.5007,172.0,189.9,190.6,18.6,14.7,7.0,4,3,-3
Adopo,C,M;C,CAG,7,1.3,6.0,0.5,0.0,0.0,0.0,13,4.0,5.83,5.832,0.051,-0.003,0.526,0.028,0.028,0.097,0.0,4.0,1.684,1.262,0.062,0.078,0.062,0.789,0.9604,1.472,38,4,0,0.148,2,0,180,True,1.0,0.4681,0.4787,181.9,194.2,194.5,12.6,11.5,13.0,7,4,-6
De Silvestri,D,Dd;E,BOL,1,0.4,6.0,0.5,0.0,0.0,0.0,4,11.0,6.023,5.946,0.13,0.0057,0.562,0.08,0.053,0.111,0.0,4.0,0.396,0.181,0.07,0.023,0.07,0.56,1.004,1.952,64,8,0,0.249,0,2,0,False,0.0,0.4678,0.4859,129.8,132.2,132.2,2.4,0.0,4.0,3,2,-1
Vojvoda,D,Dd;E,UDI,9,1.9,6.0,0.5,0.0,0.0,0.0,19,6.0,5.977,5.907,0.109,0.04,0.658,0.033,0.107,0.14,0.0,4.0,1.007,3.004,0.056,0.166,0.056,0.815,0.965,1.523,88,10,0,0.342,2,0,175,True,1.0,0.4673,0.4926,178.2,196.5,196.5,18.3,21.3,19.0,10,5,-9
Pisilli,C,C,ROM,7,1.9,6.0,0.5,0.0,0.0,0.0,19,3.0,5.038,4.023,2.845,3.045,0.605,0.087,0.109,0.217,0.0,2.0,2.538,1.58,0.195,0.116,0.195,1.682,1.0268,2.203,0,0,0,0.0,0,2,34,False,0.0,0.4671,0.4671,127.9,132.3,132.7,4.8,0.0,19.0,11,6,-8
Dominguez B.,C,W;A,SAS,4,1.2,6.0,0.5,0.0,0.0,0.0,12,2.0,5.98,6.055,0.225,,0.421,0.094,0.156,0.031,0.0,2.0,1.242,0.498,0.149,0.048,0.149,2.03,0.9714,1.594,24,3,0,0.093,0,2,46,False,0.0,0.4671,0.4737,101.1,102.8,102.8,1.7,0.0,12.0,7,4,-5
Omar Fayed,D,Dc,FRO,1,0.1,6.0,0.5,0.0,0.0,0.0,1,,,,,,,,,,,,,,,,,,0.9827,1.718,118,4,0,0.459,0,1,0,False,0.0,0.4669,0.5014,157.0,161.7,161.7,4.7,0.0,1.0,1,1,0
Diego Carlos,D,Dc,PAR,8,2.6,6.0,0.5,0.0,0.0,0.0,26,1.0,6.14,6.14,0.0,,0.658,0.04,0.0,0.32,0.0,1.0,1.673,0.048,0.077,0.002,0.077,0.37,0.9545,1.408,134,9,0,0.521,0,0,0,False,0.0,0.4667,0.5063,138.7,140.4,140.4,1.7,0.0,26.0,14,7,-12
Fatah,A,W;A,LEC,4,1.4,6.0,0.5,0.0,0.0,0.0,14,,,,,,,,,,,,,,,,,,0.9201,1.029,122,6,0,0.474,0,1,18,False,0.0,0.466,0.5017,150.1,155.2,155.2,5.1,39.9,14.0,12,7,-2
Sucic P.,C,C,INT,9,2.1,6.0,0.5,0.0,0.0,0.0,21,1.0,6.07,6.07,0.0,,0.737,0.071,0.071,0.179,0.0,1.0,2.182,4.041,0.111,0.206,0.111,1.123,1.1,3.009,82,2,1,0.619,1,1,101,True,0.5,0.4649,0.5125,179.8,187.4,188.1,8.3,4.7,21.0,12,6,-9
Ostigard,D,Dc,GEN,11,4.1,6.0,0.5,0.0,0.0,0.0,41,4.0,6.032,5.915,0.184,0.14,0.467,0.092,0.0,0.169,0.0,3.0,1.814,0.327,0.078,0.019,0.078,0.619,0.9593,1.46,69,10,0,0.268,2,0,156,True,1.0,0.4648,0.4843,179.3,206.0,206.0,26.7,30.8,55.35,29,14,-12
Borrelli,A,Pc,CAG,4,0.9,6.0,0.5,0.0,0.0,0.0,9,2.0,5.947,5.96,0.04,,0.355,0.192,0.038,0.154,0.0,1.0,4.58,0.871,0.326,0.062,0.326,2.138,0.9604,1.472,76,4,0,0.296,0,2,36,False,0.0,0.4646,0.4862,83.6,83.6,86.4,2.8,0.0,9.0,8,5,-1
Zè Pedro,D,Dd;Dc,CAG,5,1.3,6.0,0.5,0.0,0.0,0.0,13,1.0,5.77,5.77,0.0,,0.579,0.0,0.045,0.273,0.0,1.0,0.745,0.458,0.039,0.024,0.039,0.366,0.9604,1.472,53,2,0,0.206,2,0,156,True,1.0,0.464,0.4788,180.3,188.5,188.5,8.2,13.3,13.0,7,4,-6
Provstgaard,D,Dc,LAZ,4,1.3,6.0,0.5,0.0,0.0,0.0,13,2.0,6.107,6.205,0.295,,0.316,0.0,0.0,0.13,0.0,1.0,0.666,0.663,0.04,0.039,0.04,0.356,0.9953,1.856,0,0,0,0.0,2,0,180,True,1.0,0.4636,0.4636,174.4,205.9,206.3,31.9,30.7,13.0,7,4,-6
Zerbin,C,W,FRO,6,1.2,6.0,0.5,0.0,0.0,0.0,12,4.0,5.843,5.822,0.103,0.025,0.441,0.016,0.063,0.095,0.0,4.0,1.763,1.606,0.11,0.139,0.11,1.122,0.9827,1.718,30,2,0,0.117,0,2,76,False,0.0,0.4634,0.4717,94.5,94.8,98.8,4.3,0.0,12.0,7,4,-5
Lucumì,D,Dc,JUV,7,1.7,6.0,0.5,0.0,0.0,0.0,17,1.0,5.88,5.88,0.0,,0.737,0.036,0.0,0.179,0.0,4.0,1.078,0.541,0.032,0.019,0.032,0.377,1.0076,1.992,126,7,0,0.49,1,1,75,True,0.5,0.4633,0.5001,173.4,176.6,177.5,4.1,1.4,17.0,9,5,-8
Idzes,D,Dc,SAS,7,1.9,6.0,0.5,0.0,0.0,0.0,19,2.0,5.947,5.95,0.01,,0.921,0.014,0.0,0.114,0.0,2.0,0.835,1.145,0.033,0.033,0.033,0.305,0.9714,1.594,113,4,1,0.739,1,1,90,True,0.5,0.4632,0.5209,172.1,182.6,183.7,11.6,7.4,19.0,10,5,-9
Gueye,A,Pc,UDI,4,0.7,6.0,0.5,0.0,0.0,0.0,7,1.0,5.77,5.77,0.0,,0.342,0.077,0.0,0.154,0.0,1.0,2.264,0.157,0.554,0.038,0.554,4.891,0.965,1.523,0,0,0,0.0,1,1,94,True,0.5,0.463,0.463,178.3,194.3,195.6,17.3,79.0,7.0,7,4,0
Haps,D,Ds;E,VEN,5,1.0,6.0,0.5,0.0,0.0,0.0,10,3.0,5.88,5.877,0.039,0.01,0.535,0.033,0.049,0.148,0.0,2.0,1.025,0.948,0.067,0.08,0.067,0.801,0.9494,1.351,57,7,0,0.222,1,1,92,True,0.5,0.4629,0.4788,175.4,191.0,191.0,15.6,15.8,10.0,6,3,-4
Diouf,C,E;C,INT,9,4.3,6.0,0.5,0.0,0.0,0.0,43,1.0,6.15,6.15,0.0,,0.263,,,,,1.0,0.945,1.752,0.184,0.341,0.184,1.948,1.1,3.009,7,2,0,0.027,1,1,75,True,0.5,0.4627,0.4646,173.6,200.6,201.2,27.6,17.9,43.0,26,13,-17
Patric,D,Dd;Dc,LAZ,1,0.1,6.0,0.5,0.0,0.0,0.0,1,11.0,5.812,5.825,0.149,0.0135,0.4,0.023,0.023,0.183,0.0,4.0,0.641,0.138,0.054,0.012,0.054,0.315,0.9953,1.856,0,0,0,0.0,0,0,0,False,0.0,0.4621,0.4621,87.0,87.4,95.0,8.0,0.0,1.0,1,1,0
Cancellieri,C,W;A,LAZ,9,2.5,6.0,0.5,0.0,0.0,0.0,25,5.0,5.885,5.924,0.12,-0.041,0.516,0.126,0.034,0.172,0.0,4.0,4.404,1.602,0.24,0.112,0.24,1.898,0.9953,1.856,126,7,0,0.49,2,0,108,True,1.0,0.4619,0.4985,181.5,199.4,199.4,17.9,16.7,25.0,14,7,-11
Paleari,P,Por,TOR,1,0.1,6.0,0.5,0.0,0.0,0.0,1,3.0,6.24,6.253,0.177,-0.04,0.289,0.0,0.0,0.034,0.0,1.0,,0.0,0.0,0.0,0.0,0.0,0.9571,1.436,0,0,0,0.0,0,2,0,False,0.0,0.4611,0.4611,68.6,68.6,69.0,0.4,0.0,1.0,2,1,1
Marcandalli,D,Dc,GEN,6,1.4,6.0,0.5,0.0,0.0,0.0,14,2.0,5.873,5.875,0.005,,0.513,0.0,0.032,0.129,0.0,2.0,0.369,0.327,0.025,0.02,0.025,0.21,0.9593,1.46,40,4,0,0.156,2,0,180,True,1.0,0.461,0.472,175.1,193.5,193.5,18.4,18.3,14.0,8,4,-6
Dia,A,A,LAZ,10,2.0,6.0,0.5,0.0,0.0,0.0,20,4.0,5.818,5.952,0.217,-0.161,0.724,0.273,0.1,0.073,0.018,4.0,4.415,2.353,0.294,0.119,0.275,1.613,0.9953,1.856,192,13,0,0.7,2,0,159,True,1.0,0.461,0.5151,180.5,208.0,209.4,28.9,92.7,20.0,17,9,-3
Thorstvedt,C,C;T,SAS,10,3.9,6.0,0.5,0.0,0.0,0.0,39,3.0,6.055,6.03,0.088,0.075,0.789,0.133,0.056,0.233,0.0,3.0,5.184,2.024,0.199,0.091,0.199,1.575,0.9714,1.594,274,7,1,1.0,0,2,56,False,0.0,0.4603,0.5415,154.3,159.4,161.7,7.4,0.0,39.0,23,12,-16
Valle,D,Ds;E,COM,6,2.1,6.0,0.5,0.0,0.0,0.0,21,2.0,5.977,5.935,0.125,,0.513,0.026,0.077,0.128,0.0,2.0,0.7,0.998,0.036,0.059,0.036,0.586,1.0068,1.982,71,5,0,0.276,2,0,180,True,1.0,0.4602,0.4801,175.5,199.2,200.3,24.8,24.0,21.0,11,6,-10
Jones C.,C,C,INT,12,4.7,6.0,0.5,0.0,0.0,0.0,47,,,,,,,,,,,1.0,0.372,0.677,,,,,1.1,3.009,151,11,0,0.587,0,1,25,False,0.0,0.4599,0.5043,161.1,167.3,168.0,6.9,0.0,47.0,29,14,-18
Gomes,D,Ds;Dc,VEN,1,0.1,6.0,0.5,0.0,0.0,0.0,1,,,,,,,,,,,,,,,,,,0.9494,1.351,142,10,0,0.552,0,2,0,False,0.0,0.4599,0.5014,150.1,155.2,155.2,5.1,0.0,1.0,1,1,0
Rodriguez Ju.,D,Ds;Dc,CAG,4,1.4,6.0,0.5,0.0,0.0,0.0,14,1.0,5.62,5.62,0.0,,0.421,0.062,0.0,0.188,0.0,1.0,3.921,6.971,0.204,0.363,0.204,2.344,0.9604,1.472,71,5,0,0.276,2,0,180,True,1.0,0.4594,0.4792,175.1,189.6,189.6,14.5,14.4,14.0,8,4,-6
Miller L.,C,M;C,UDI,4,1.2,6.0,0.5,0.0,0.0,0.0,12,1.0,5.92,5.92,0.0,,0.5,0.0,0.105,0.211,0.0,1.0,0.306,1.345,0.028,0.123,0.028,0.822,0.965,1.523,55,4,0,0.214,0,2,49,False,0.0,0.4587,0.4739,104.7,106.3,110.8,6.1,0.0,12.0,7,4,-5
Gandelman,C,C;T,LEC,4,1.0,6.0,0.5,0.0,0.0,0.0,10,1.0,5.97,5.97,0.0,,0.421,0.125,0.062,0.0,0.0,1.0,1.734,1.121,0.161,0.104,0.161,0.927,0.9201,1.029,62,6,0,0.241,0,2,1,False,0.0,0.4586,0.4758,94.8,96.0,96.6,1.8,0.0,10.0,6,3,-4
Lipani,C,M;C,SAS,2,0.5,6.0,0.5,0.0,0.0,0.0,5,2.0,5.953,5.965,0.035,,0.368,0.0,0.048,0.143,0.0,2.0,0.672,0.659,0.07,0.085,0.07,0.962,0.9714,1.594,21,4,0,0.082,0,2,1,False,0.0,0.4581,0.4638,82.5,82.5,89.7,7.2,0.0,5.0,3,2,-2
Lobotka,C,M;C,NAP,8,2.3,6.0,0.5,0.0,0.0,0.0,23,7.0,6.03,6.1,0.123,-0.0168,0.665,0.017,0.017,0.081,0.0,4.0,0.395,1.237,0.014,0.039,0.014,0.311,1.0241,2.173,125,11,0,0.486,2,0,180,True,1.0,0.4579,0.4939,177.3,193.5,194.2,16.9,10.8,23.0,13,7,-10
Kuhn,A,W;A,COM,3,0.5,6.0,0.5,0.0,0.0,0.0,5,1.0,5.96,5.96,0.0,,0.368,0.071,0.071,0.0,0.0,1.0,0.903,1.439,0.126,0.201,0.126,1.12,1.0068,1.982,24,5,0,0.093,0,0,0,False,0.0,0.4577,0.4642,87.1,87.1,87.7,0.6,0.0,5.0,5,3,0
Balerdi,D,Dc,ROM,6,1.1,6.0,0.5,0.0,0.0,0.0,11,,,,,,,,,,,,,,,,,,1.0268,2.203,139,11,0,0.541,0,1,0,False,0.0,0.4576,0.498,150.1,155.2,155.2,5.1,0.0,11.0,6,3,-5
Mazzocchi,D,Dd;Ds;E,VEN,1,1.0,6.0,0.5,0.0,0.0,0.0,10,5.0,5.817,5.866,0.179,-0.027,0.542,0.024,0.083,0.131,0.0,4.0,0.19,1.327,0.039,0.102,0.039,0.693,0.9494,1.351,72,7,0,0.28,0,0,0,False,0.0,0.4573,0.4774,117.9,118.3,120.7,2.8,0.0,10.0,6,3,-4
Monterisi,D,Dc,FRO,6,1.3,6.0,0.5,0.0,0.0,0.0,13,1.0,5.83,5.83,0.0,,0.474,0.111,0.111,0.056,0.0,1.0,1.417,0.392,0.087,0.024,0.087,0.306,0.9827,1.718,57,6,0,0.222,2,0,157,True,1.0,0.4571,0.4728,180.3,206.1,206.3,26.0,30.9,13.0,7,4,-6
Zapata D.,A,Pc,TOR,6,1.2,6.0,0.5,0.0,0.0,0.0,12,11.0,6.148,6.234,0.253,0.0054,0.739,0.374,0.129,0.073,0.023,4.0,5.424,1.784,0.359,0.105,0.348,2.949,0.9571,1.436,345,7,1,1.0,0,2,12,False,0.0,0.4568,0.5374,148.8,177.9,179.8,31.0,62.6,12.0,11,6,-1
Muric,P,Por,SAS,7,1.5,6.0,0.5,0.0,0.0,0.0,15,1.0,6.08,6.08,0.0,,0.842,0.0,0.0,0.125,0.0,1.0,,0.033,0.0,0.001,0.0,0.0,0.9714,1.594,105,2,1,0.708,2,0,180,True,1.0,0.4563,0.5105,172.9,186.3,188.1,15.2,19.7,15.0,15,8,0
Mendy P.,A,Pc,CAG,4,1.2,6.0,0.5,0.0,0.0,0.0,12,1.0,5.94,5.94,0.0,,0.211,,,,,1.0,2.389,0.257,0.66,0.071,0.66,4.141,0.9604,1.472,5,2,0,0.019,2,0,123,True,1.0,0.4563,0.4576,177.9,200.1,200.1,22.2,84.8,12.0,11,6,-1
Schmid,C,W;T,FRO,8,2.5,6.0,0.5,0.0,0.0,0.0,25,,,,,,,,,,,,,,,,,,0.9827,1.718,150,11,0,0.583,2,0,149,True,1.0,0.4563,0.5,172.0,183.9,184.6,12.6,1.2,25.0,14,7,-11
Kaiki,D,Ds;E,COM,6,1.3,6.0,0.5,0.0,0.0,0.0,13,,,,,,,,,,,,,,,,,,1.0068,1.982,69,2,1,0.568,0,2,9,False,0.0,0.4562,0.4987,150.1,155.2,155.2,5.1,0.0,13.0,7,4,-6
Vitinha O.,A,A,GEN,8,1.3,6.0,0.5,0.0,0.0,0.0,13,3.0,6.008,6.087,0.237,-0.235,0.518,0.132,0.075,0.132,0.0,3.0,4.245,2.15,0.229,0.15,0.229,2.597,0.9593,1.46,149,7,0,0.579,2,0,153,True,1.0,0.4559,0.4993,182.0,197.2,198.8,16.8,81.9,13.0,12,6,-1
Obrador,D,Ds;E,SAS,6,1.3,6.0,0.5,0.0,0.0,0.0,13,1.0,6.06,6.06,0.0,,0.421,0.062,0.188,0.062,0.0,1.0,0.172,1.056,0.014,0.084,0.014,0.555,0.9714,1.594,43,4,0,0.167,0,2,29,False,0.0,0.4554,0.4671,101.3,102.8,102.8,1.5,0.0,13.0,7,4,-6
Calvani,D,Dc,FRO,5,1.3,6.0,0.5,0.0,0.0,0.0,13,1.0,5.81,5.81,0.0,,0.342,0.0,0.0,0.077,0.0,2.0,0.672,0.659,0.07,0.085,0.07,0.962,0.9827,1.718,0,0,0,0.0,2,0,164,True,1.0,0.4547,0.4547,176.6,195.9,196.2,19.6,20.7,13.0,7,4,-6
Deiola,C,M;C,CAG,3,0.8,6.0,0.5,0.0,0.0,0.0,8,9.0,5.933,5.809,0.123,0.0217,0.459,0.052,0.03,0.215,0.0,3.0,2.088,0.785,0.132,0.047,0.132,1.302,0.9604,1.472,97,5,0,0.377,2,0,173,True,1.0,0.4543,0.4815,181.9,193.1,194.1,12.2,10.4,8.0,5,3,-3
Bernabè,C,C,PAR,7,3.4,6.0,0.5,0.0,0.0,0.0,34,1.0,6.17,6.17,0.0,,0.842,0.094,0.031,0.0,0.0,2.0,2.253,3.146,0.093,0.141,0.093,1.73,0.9545,1.408,250,9,1,1.0,2,0,146,True,1.0,0.4543,0.5345,180.4,187.6,189.3,8.9,4.9,34.0,20,10,-14
Piana,P,Por,UDI,1,0.1,6.0,0.5,0.0,0.0,0.0,1,4.0,,,0.0,,,,,,,,,,,,,,0.965,1.523,85,4,1,0.631,0,2,0,False,0.0,0.4539,0.5014,150.1,155.2,155.2,5.1,0.0,1.0,2,1,1
El Aynaoui,C,M;C,ROM,4,1.3,6.0,0.5,0.0,0.0,0.0,13,1.0,5.98,5.98,0.0,,0.553,0.048,0.095,0.238,0.0,1.0,0.958,1.774,0.09,0.167,0.09,0.564,1.0268,2.203,116,6,0,0.451,0,1,11,False,0.0,0.4532,0.4861,122.4,122.4,123.0,0.6,0.0,13.0,7,4,-6
Doekhi,D,Dc,LAZ,8,1.6,6.0,0.5,0.0,0.0,0.0,16,,,,,,,,,,,,,,,,,,0.9953,1.856,75,3,1,0.592,2,0,180,True,1.0,0.4529,0.497,172.0,183.9,184.6,12.6,8.7,16.0,9,5,-7
Ordonez C.,C,M;C,PAR,3,1.0,6.0,0.5,0.0,0.0,0.0,10,1.0,5.79,5.79,0.0,,0.553,0.048,0.0,0.143,0.0,1.0,0.449,0.27,0.038,0.023,0.038,0.836,0.9545,1.408,86,4,0,0.334,2,0,151,True,1.0,0.4527,0.4766,177.1,187.2,188.2,11.1,4.5,10.0,6,3,-4
Tomori,D,Dc,MIL,6,0.8,6.0,0.5,0.0,0.0,0.0,8,6.0,5.938,6.077,0.155,-0.0806,0.684,0.038,0.013,0.147,0.0,4.0,0.94,0.588,0.061,0.023,0.061,0.367,1.0464,2.419,66,2,1,0.557,0,0,0,False,0.0,0.4527,0.494,141.3,144.4,145.1,3.8,0.0,8.0,5,3,-3
Mina,D,Dc,CAG,7,2.0,6.0,0.5,0.0,0.0,0.0,20,3.0,6.025,6.03,0.024,-0.015,0.632,0.069,0.014,0.167,0.014,3.0,1.938,0.331,0.084,0.015,0.073,0.599,0.9604,1.472,164,16,0,0.638,0,1,0,False,0.0,0.4527,0.5006,137.7,137.7,137.7,0.0,0.0,20.0,11,6,-9
Comuzzo,D,Dc,TOR,8,1.3,6.0,0.5,0.0,0.0,0.0,13,3.0,5.845,5.887,0.103,-0.125,0.474,0.038,0.0,0.135,0.0,2.0,0.701,0.203,0.03,0.009,0.03,0.324,0.9571,1.436,51,7,0,0.198,2,0,175,True,1.0,0.4522,0.466,179.8,194.2,194.5,14.7,19.0,13.0,7,4,-6
Bleve,P,Por,LEC,1,0.1,6.0,0.5,0.0,0.0,0.0,1,3.0,,,0.0,,,,,,,,,,,,,,0.9201,1.029,91,2,1,0.654,0,2,0,False,0.0,0.4522,0.5014,150.1,155.2,155.2,5.1,0.0,1.0,2,1,1
Butez,P,Por,COM,15,5.0,6.0,0.5,0.0,0.0,0.0,50,2.0,6.12,6.145,0.075,,0.737,0.0,0.018,0.054,0.0,2.0,,0.241,0.0,0.009,0.0,0.0,1.0068,1.982,93,2,1,0.662,2,0,180,True,1.0,0.4518,0.5016,177.5,190.6,190.6,13.1,24.0,50.0,61,29,11
Solet,D,Dc,UDI,13,4.6,6.0,0.5,0.0,0.0,0.0,46,2.0,6.173,6.17,0.01,,0.697,0.075,0.038,0.038,0.019,2.0,2.231,1.758,0.074,0.068,0.059,0.873,0.965,1.523,136,8,1,0.829,2,0,180,True,1.0,0.451,0.5151,179.9,191.8,192.8,12.9,16.6,62.1,33,16,-13
Bartesaghi,D,Ds;E,MIL,8,2.2,6.0,0.5,0.0,0.0,0.0,22,3.0,5.762,5.767,0.309,-0.015,0.325,0.065,0.0,0.097,0.0,2.0,0.916,1.957,0.049,0.14,0.049,0.789,1.0464,2.419,4,2,0,0.016,1,1,111,True,0.5,0.4507,0.4518,178.3,194.4,195.5,17.2,19.2,22.0,12,6,-10
Baldanzi,C,T,GEN,11,2.8,6.0,0.5,0.0,0.0,0.0,28,4.0,6.088,6.095,0.062,-0.008,0.579,0.091,0.034,0.102,0.0,4.0,2.026,1.518,0.17,0.118,0.17,1.981,0.9593,1.46,155,14,0,0.603,2,0,144,True,1.0,0.4503,0.4951,181.4,196.8,196.8,15.4,14.1,28.0,16,8,-12
N'Dri,A,W;A,LEC,4,1.2,6.0,0.5,0.0,0.0,0.0,12,2.0,5.833,5.84,0.02,,0.316,0.118,0.0,0.176,0.0,,,,,,,,0.9201,1.029,0,0,0,0.0,1,1,119,True,0.5,0.4495,0.4495,178.0,200.7,201.8,23.8,85.4,12.0,11,6,-1
Saelemaekers,C,E;W,MIL,11,3.5,6.0,0.5,0.0,0.0,0.0,35,7.0,6.213,6.067,0.15,0.0496,0.729,0.103,0.093,0.129,0.0,4.0,3.294,3.852,0.149,0.182,0.149,1.559,1.0464,2.419,172,9,1,0.969,0,2,55,False,0.0,0.4494,0.5258,148.3,157.5,157.5,9.2,0.0,35.0,21,11,-14
Tourè I.,C,E;M,MON,6,1.4,6.0,0.5,0.0,0.0,0.0,14,1.0,5.82,5.82,0.0,,0.789,0.033,0.0,0.133,0.0,1.0,1.883,1.041,0.459,0.254,0.459,2.927,0.9337,1.178,124,3,1,0.782,0,0,0,False,0.0,0.4494,0.5091,148.0,151.9,151.9,3.9,0.0,14.0,8,4,-6
Bayo V.,A,Pc,UDI,1,0.3,6.0,0.5,0.0,0.0,0.0,3,1.0,5.75,5.75,0.0,,0.316,0.0,0.083,0.0,0.0,1.0,1.326,0.731,0.276,0.152,0.276,2.917,0.965,1.523,26,3,0,0.101,0,2,18,False,0.0,0.4493,0.4562,69.8,69.8,77.6,7.8,0.0,3.0,3,2,0
Kelly L.,D,Ds;Dc,JUV,5,1.2,6.0,0.5,0.0,0.0,0.0,12,2.0,5.897,5.84,0.17,,0.618,0.021,0.021,0.106,0.0,2.0,0.85,0.598,0.035,0.027,0.035,0.538,1.0076,1.992,135,9,0,0.525,1,1,105,True,0.5,0.4493,0.4877,173.5,176.7,177.9,4.4,1.5,12.0,7,4,-5
Thiam,P,Por,MON,4,0.5,6.0,0.5,0.0,0.0,0.0,5,1.0,5.81,5.81,0.0,,0.342,0.077,0.077,0.077,0.0,,,,,,,,0.9337,1.178,0,0,0,0.0,1,0,90,True,0.5,0.4491,0.4491,179.1,200.7,200.7,21.6,34.1,5.0,5,3,0
Gila,D,Dc,MIL,13,3.1,6.0,0.5,0.0,0.0,0.0,31,4.0,6.035,5.9,0.231,0.162,0.566,0.012,0.0,0.155,0.0,3.0,1.203,0.695,0.038,0.027,0.038,0.446,1.0464,2.419,127,9,0,0.494,2,0,163,True,1.0,0.4489,0.4848,172.9,193.1,193.1,20.2,17.9,41.85,22,11,-9
Buongiorno,D,Dc,NAP,6,1.5,6.0,0.5,0.0,0.0,0.0,15,7.0,6.117,5.173,2.124,0.6964,0.645,0.034,0.027,0.197,0.0,4.0,1.442,0.722,0.063,0.027,0.063,0.463,1.0241,2.173,238,13,0,0.7,0,0,0,False,0.0,0.4489,0.5016,136.7,136.7,136.7,0.0,0.0,75.0,40,19,25
Belahyane,C,M;C,LAZ,2,0.3,6.0,0.5,0.0,0.0,0.0,3,3.0,5.85,5.93,0.226,-0.24,0.342,0.0,0.108,0.135,0.0,2.0,0.203,1.163,0.015,0.085,0.015,0.331,0.9953,1.856,20,4,0,0.078,0,2,53,False,0.0,0.4485,0.4538,76.4,76.5,85.0,8.6,0.0,3.0,2,2,-1
Turati,P,Por,SAS,1,0.1,6.0,0.5,0.0,0.0,0.0,1,6.0,6.217,4.152,2.936,0.7054,0.454,0.0,0.0,0.016,0.0,3.0,,0.014,0.0,0.001,0.0,0.0,0.9714,1.594,105,10,0,0.408,0,2,0,False,0.0,0.4485,0.4777,98.6,99.5,99.5,0.9,0.0,1.0,2,1,1
Ziolkowski,D,Dc,MON,1,0.8,6.0,0.5,0.0,0.0,0.0,8,1.0,5.94,5.94,0.0,,0.237,,,,,1.0,0.141,0.041,0.025,0.007,0.025,0.36,0.9337,1.178,0,0,0,0.0,0,1,0,False,0.0,0.4485,0.4485,52.9,52.9,72.7,19.8,0.0,8.0,5,3,-3
Lazzari,D,Dd;E,LAZ,2,0.5,6.0,0.5,0.0,0.0,0.0,5,9.0,5.848,6.037,0.166,-0.0567,0.725,0.028,0.089,0.157,0.0,4.0,0.268,1.055,0.025,0.064,0.025,0.366,0.9953,1.856,162,12,0,0.63,0,2,10,False,0.0,0.4484,0.4952,146.7,150.2,150.5,3.8,0.0,5.0,3,2,-2
Dovbyk,A,Pc,BOL,15,5.1,6.0,0.5,0.0,0.0,0.0,51,2.0,6.0,6.0,0.0,,0.592,0.333,0.067,0.0,0.044,2.0,6.85,2.107,0.557,0.135,0.509,2.395,1.004,1.952,310,13,1,1.0,0,2,60,False,0.0,0.4479,0.5269,160.6,184.5,184.5,23.9,69.2,51.0,44,22,-7
Davis K.,A,Pc,UDI,19,10.8,6.0,0.5,0.0,0.0,0.0,108,3.0,6.193,6.173,0.132,0.06,0.447,0.261,0.109,0.152,0.087,3.0,6.06,2.281,0.367,0.186,0.284,2.308,0.965,1.523,325,12,1,1.0,1,0,68,True,0.5,0.4478,0.5268,170.5,195.8,195.8,25.3,80.5,108.0,93,46,-15
Rrahmani Al.,A,Pc,VEN,7,1.3,6.0,0.5,0.0,0.0,0.0,13,7.0,6.155,6.114,0.123,0.02,0.752,0.065,0.015,0.12,0.0,4.0,1.998,0.92,0.076,0.032,0.076,0.779,0.9494,1.351,152,7,1,0.891,0,2,19,False,0.0,0.4469,0.5158,156.1,156.9,160.4,4.3,41.6,13.0,12,6,-1
Sutalo J.,D,Dc,LAZ,7,1.9,6.0,0.5,0.0,0.0,0.0,19,,,,,,,,,,,,,,,,,,0.9953,1.856,203,14,0,0.7,0,1,0,False,0.0,0.4469,0.4993,150.1,155.2,155.2,5.1,0.0,19.0,10,5,-9
Spinazzola,D,Ds;E,NAP,8,2.5,6.0,0.5,0.0,0.0,0.0,25,10.0,6.123,6.108,0.124,0.0088,0.547,0.046,0.112,0.051,0.0,4.0,0.985,3.186,0.045,0.18,0.045,0.719,1.0241,2.173,150,14,0,0.583,1,1,124,True,0.5,0.4464,0.4892,178.7,190.5,191.0,12.3,15.3,25.0,13,7,-12
Dodò,D,Dd;E,FIO,9,2.0,6.0,0.5,0.0,0.0,0.0,20,1.0,5.99,5.99,0.0,,0.947,0.028,0.056,0.194,0.0,4.0,1.172,3.251,0.034,0.128,0.034,0.64,1.0124,2.045,190,10,1,1.0,1,1,90,True,0.5,0.4462,0.525,175.8,187.6,188.0,12.2,12.4,20.0,11,6,-9
Rensch,D,B;Dd;E,ROM,4,1.4,6.0,0.5,0.0,0.0,0.0,14,2.0,6.127,6.11,0.05,,0.355,0.053,0.211,0.053,0.0,2.0,0.587,1.74,0.066,0.191,0.066,0.495,1.0268,2.203,81,12,0,0.315,0,0,0,False,0.0,0.4461,0.4682,83.6,83.6,85.7,2.1,0.0,14.0,8,4,-6
Schingtienne,D,Dc,VEN,3,1.0,6.0,0.5,0.0,0.0,0.0,10,1.0,5.7,5.7,0.0,,0.395,0.0,0.0,0.133,0.0,1.0,,0.097,0.0,0.008,0.0,0.0,0.9494,1.351,32,3,0,0.124,2,0,180,True,1.0,0.4455,0.4539,179.4,191.0,191.6,12.2,15.8,10.0,6,3,-4
Milla,C,M;C,COM,6,3.0,6.0,0.5,0.0,0.0,0.0,30,,,,,,,,,,,,,,,,,,1.0068,1.982,123,2,1,0.778,2,0,180,True,1.0,0.4454,0.5043,170.3,177.9,178.8,8.5,0.0,30.0,17,9,-13
Okoye,P,Por,UDI,9,2.8,6.0,0.5,0.0,0.0,0.0,28,3.0,6.097,6.113,0.042,-0.05,0.667,0.0,0.013,0.053,0.0,3.0,,0.024,0.0,0.001,0.0,0.0,0.965,1.523,93,2,1,0.662,2,0,180,True,1.0,0.4451,0.4942,173.6,189.1,189.1,15.5,22.5,28.0,31,15,3
Mora,C,T,ROM,20,10.0,6.0,0.5,0.0,0.0,0.0,100,2.0,5.773,5.785,0.035,,0.25,0.0,0.0,0.294,0.0,,,,,,,,1.0268,2.203,12,2,0,0.047,1,1,84,True,0.5,0.445,0.4482,179.4,197.6,197.6,18.2,14.9,100.0,67,33,-33
Koutsoupias,C,C,FRO,4,1.1,6.0,0.5,0.0,0.0,0.0,11,,,,,,,,,,,,,,,,,,0.9827,1.718,114,2,1,0.743,0,1,0,False,0.0,0.4449,0.5007,145.3,150.3,150.3,5.0,0.0,11.0,6,3,-5
Bernasconi,D,Ds;E,ATA,6,1.8,6.0,0.5,0.0,0.0,0.0,18,1.0,6.09,6.09,0.0,,0.579,0.0,0.136,0.136,0.0,1.0,0.419,3.146,0.024,0.18,0.024,0.516,1.0354,2.298,75,2,1,0.592,1,1,71,True,0.5,0.4448,0.4881,174.7,184.7,185.3,10.6,9.5,18.0,10,5,-8
Bisseck,D,Dc,INT,12,3.6,6.0,0.5,0.0,0.0,0.0,36,3.0,6.17,6.193,0.148,-0.07,0.535,0.131,0.082,0.098,0.0,3.0,2.373,0.869,0.124,0.053,0.124,1.173,1.1,3.009,103,5,1,0.701,1,1,99,True,0.5,0.4446,0.4968,178.9,190.3,191.1,12.2,15.1,48.6,25,13,-11
Zaniolo,C,T;A,UDI,18,8.0,6.0,0.5,0.0,0.0,0.0,80,7.0,6.108,5.199,2.126,0.2121,0.618,0.142,0.078,0.305,0.0,3.0,4.382,2.611,0.281,0.182,0.281,2.784,0.965,1.523,201,13,1,1.0,1,0,89,True,0.5,0.4446,0.523,169.7,180.9,182.8,13.1,0.0,80.0,52,26,-28
Rrahmani,D,Dc,NAP,15,5.1,6.0,0.5,0.0,0.0,0.0,51,7.0,6.155,6.114,0.123,0.02,0.752,0.065,0.015,0.12,0.0,4.0,1.998,0.92,0.076,0.032,0.076,0.779,1.0241,2.173,165,8,1,0.942,2,0,180,True,1.0,0.4445,0.5177,179.4,180.5,184.2,4.8,5.3,68.85000000000001,36,18,-15
Calò,C,M;C,FRO,8,2.7,6.0,0.5,0.0,0.0,0.0,27,,,,,,,,,,,,,,,,,,0.9827,1.718,116,6,1,0.751,2,0,172,True,1.0,0.4442,0.5006,170.3,177.9,178.8,8.5,0.0,27.0,15,8,-12
Venturino,C,W,GEN,2,0.4,6.0,0.5,0.0,0.0,0.0,4,2.0,6.183,6.345,0.485,,0.132,,,,,2.0,0.587,0.524,0.352,0.253,0.352,2.172,0.9593,1.46,7,3,0,0.027,0,0,0,False,0.0,0.4442,0.446,36.5,36.5,64.9,28.4,0.0,4.0,3,2,-1
Pellegrini Lo.,C,C;T,ROM,9,2.0,6.0,0.5,0.0,0.0,0.0,20,11.0,5.937,6.066,0.182,-0.0058,0.699,0.168,0.14,0.202,0.034,4.0,5.068,3.937,0.278,0.186,0.215,2.2,1.0268,2.203,352,10,1,1.0,0,0,0,False,0.0,0.4439,0.5222,142.8,150.8,150.8,8.0,0.0,20.0,11,6,-9
Pedraza,D,Ds;E,LAZ,6,1.4,6.0,0.5,0.0,0.0,0.0,14,,,,,,,,,,,4.0,3.561,2.328,0.262,0.18,0.203,2.209,0.9953,1.856,301,5,1,1.0,1,1,105,True,0.5,0.4438,0.5221,161.1,167.3,168.0,6.9,0.0,14.0,8,4,-6
Elphege,A,Pc,PAR,3,1.1,6.0,0.5,0.0,0.0,0.0,11,1.0,6.0,6.0,0.0,,0.211,,,,,1.0,2.35,0.357,0.712,0.108,0.712,1.818,0.9545,1.408,66,4,0,0.257,0,2,22,False,0.0,0.4427,0.4604,47.5,47.6,70.3,22.8,0.0,11.0,10,5,-1
Vaz,A,Pc,ROM,1,0.4,6.0,0.5,0.0,0.0,0.0,4,1.0,5.93,5.93,0.0,,0.184,,,,,1.0,0.655,0.0,,,,,1.0268,2.203,8,2,0,0.031,0,1,0,False,0.0,0.4424,0.4445,41.0,41.0,65.9,24.9,0.0,4.0,4,3,0
Joao Mario,D,Dd;E,FIO,3,1.2,6.0,0.5,0.0,0.0,0.0,12,1.0,5.79,5.79,0.0,,0.368,0.071,0.071,0.143,0.0,1.0,0.281,0.733,0.025,0.066,0.025,0.628,1.0124,2.045,54,7,0,0.21,1,1,92,True,0.5,0.4422,0.4566,178.2,193.1,193.1,14.9,17.9,12.0,7,4,-5
Tavares N.,D,Ds;E,LAZ,7,2.5,6.0,0.5,0.0,0.0,0.0,25,2.0,6.033,6.095,0.185,,0.592,0.0,0.156,0.156,0.0,2.0,1.276,3.815,0.076,0.214,0.076,1.236,0.9953,1.856,194,12,0,0.7,1,1,75,True,0.5,0.4422,0.4941,172.5,177.4,178.1,5.6,2.2,25.0,13,7,-12
Ciervo,C,W,CAG,1,0.1,6.0,0.5,0.0,0.0,0.0,1,1.0,6.0,6.0,0.0,,0.184,,,,,,,,,,,,0.9604,1.472,0,0,0,0.0,0,1,12,False,0.0,0.4417,0.4417,41.0,41.6,65.9,24.9,0.0,1.0,1,1,0
Boga,A,W;A,JUV,7,2.7,6.0,0.5,0.0,0.0,0.0,27,6.0,6.165,6.107,0.117,0.0126,0.618,0.17,0.085,0.007,0.0,2.0,3.267,2.363,0.358,0.298,0.358,2.337,1.0076,1.992,167,9,1,0.949,1,1,78,True,0.5,0.4416,0.5149,169.9,189.2,189.2,19.3,73.9,27.0,23,12,-4
Ngom,C,M;C,LEC,4,1.2,6.0,0.5,0.0,0.0,0.0,12,1.0,5.69,5.69,0.0,,0.342,0.0,0.0,0.077,0.0,1.0,0.241,0.191,0.026,0.02,0.026,0.531,0.9201,1.029,28,2,0,0.109,2,0,162,True,1.0,0.4415,0.4488,178.2,191.1,192.0,13.8,8.4,12.0,7,4,-5
Ilic,C,C,LEC,1,1.0,6.0,0.5,0.0,0.0,0.0,10,6.0,5.982,6.005,0.064,-0.0026,0.601,0.07,0.054,0.14,0.0,4.0,0.807,2.362,0.071,0.156,0.071,0.857,0.9201,1.029,275,15,0,0.7,0,1,18,False,0.0,0.4415,0.4933,123.2,123.2,125.1,1.9,0.0,10.0,6,3,-4
Kouadio,D,Dd;Dc,MON,3,1.4,6.0,0.5,0.0,0.0,0.0,14,1.0,6.0,6.0,0.0,,0.026,,,,,2.0,2.278,2.636,0.087,0.094,0.087,0.977,0.9337,1.178,0,0,0,0.0,2,0,180,True,1.0,0.4414,0.4414,175.0,201.8,202.4,27.4,26.6,14.0,8,4,-6
Jovanovic,C,W;T,UDI,2,0.5,6.0,0.5,0.0,0.0,0.0,5,,,,,,,,,,,,,,,,,,0.965,1.523,132,3,1,0.813,0,0,0,False,0.0,0.4403,0.5014,145.3,150.3,150.3,5.0,0.0,5.0,3,2,-2
Leysen F.,D,Ds;Dc,SAS,6,1.2,6.0,0.5,0.0,0.0,0.0,12,,,,,,,,,,,,,,,,,,0.9714,1.594,126,6,1,0.79,1,1,106,True,0.5,0.4393,0.4983,167.9,172.7,172.7,4.8,0.0,12.0,7,4,-5
Obert,D,B;Ds;E,CAG,7,1.5,6.0,0.5,0.0,0.0,0.0,15,4.0,5.815,5.765,0.241,0.06,0.461,0.015,0.061,0.197,0.0,3.0,1.038,1.672,0.047,0.094,0.047,0.411,0.9604,1.472,105,10,0,0.408,2,0,177,True,1.0,0.4392,0.4678,173.2,187.8,187.8,14.6,12.6,15.0,8,4,-7
Martinez Jo.,P,Por,INT,17,6.8,6.0,0.5,0.0,0.0,0.0,68,3.0,6.123,6.147,0.123,-0.07,0.404,0.0,0.0,0.056,0.0,1.0,1.261,0.421,0.353,0.118,0.353,3.913,1.1,3.009,140,12,0,0.544,0,0,0,False,0.0,0.4391,0.4781,162.4,172.0,173.3,10.9,5.4,68.0,87,42,19
Cissè A.,C,W;T,MIL,5,2.4,6.0,0.5,0.0,0.0,0.0,24,1.0,,,0.0,,,,,,,,,,,,,,1.0464,2.419,143,2,1,0.856,2,0,125,True,1.0,0.439,0.5037,170.3,177.9,178.8,8.5,0.0,24.0,14,7,-10
Sulemana I.,C,M;C,SAS,3,0.7,6.0,0.5,0.0,0.0,0.0,7,4.0,5.883,5.918,0.17,-0.041,0.368,0.06,0.0,0.22,0.0,1.0,2.488,2.28,0.225,0.207,0.225,2.266,0.9714,1.594,122,7,0,0.474,0,0,0,False,0.0,0.4389,0.4725,77.2,77.2,83.6,6.4,0.0,7.0,4,2,-3
Vitik,D,Dc,BOL,4,1.0,6.0,0.5,0.0,0.0,0.0,10,1.0,5.94,5.94,0.0,,0.474,0.0,0.0,0.167,0.0,1.0,0.738,0.171,0.05,0.012,0.05,0.545,1.004,1.952,127,12,0,0.494,0,2,0,False,0.0,0.4388,0.4739,99.2,100.5,102.4,3.2,0.0,10.0,6,3,-4
Mangas,D,Ds;E,MON,7,1.5,6.0,0.5,0.0,0.0,0.0,15,,,,,,,,,,,,,,,,,,0.9337,1.178,129,5,1,0.802,2,0,180,True,1.0,0.4381,0.498,170.3,177.9,178.8,8.5,2.7,15.0,8,4,-7
De Bruyne,C,T,NAP,17,10.8,6.0,0.5,0.0,0.0,0.0,108,1.0,6.26,6.26,0.0,,0.447,0.294,0.118,0.059,0.176,1.0,3.516,4.023,0.269,0.308,0.094,2.066,1.0241,2.173,327,10,1,1.0,0,2,57,False,0.0,0.4381,0.5154,159.2,186.6,188.2,29.0,3.9,108.0,73,36,-35
De Winter,D,Dd;Dc,MIL,5,2.0,6.0,0.5,0.0,0.0,0.0,20,5.0,5.798,4.634,2.317,1.162,0.592,0.044,0.022,0.178,0.0,4.0,1.412,0.477,0.05,0.023,0.05,0.381,1.0464,2.419,98,6,1,0.681,2,0,180,True,1.0,0.438,0.4878,180.0,181.1,182.1,2.1,5.9,20.0,11,6,-9
Amorim,C,M;C,GEN,4,1.1,6.0,0.5,0.0,0.0,0.0,11,1.0,5.72,5.72,0.0,,0.237,,,,,1.0,0.127,0.757,0.021,0.123,0.021,0.325,0.9593,1.46,0,0,0,0.0,1,1,87,True,0.5,0.4377,0.4377,178.3,188.4,188.4,10.1,5.7,11.0,6,3,-5
Pessina Mas.,P,Por,BOL,1,0.1,6.0,0.5,0.0,0.0,0.0,1,1.0,6.12,6.12,0.0,,0.105,,,,,,,,,,,,1.004,1.952,0,0,0,0.0,0,2,0,False,0.0,0.4375,0.4375,36.3,37.0,65.9,29.6,0.0,1.0,2,1,1
Volpato,C,W;T,SAS,9,2.5,6.0,0.5,0.0,0.0,0.0,25,4.0,6.02,6.247,0.446,-0.273,0.296,0.079,0.105,0.132,0.0,3.0,1.055,1.794,0.115,0.257,0.115,1.768,0.9714,1.594,79,7,0,0.307,2,0,148,True,1.0,0.4372,0.4583,181.2,207.8,208.1,26.9,25.1,25.0,14,7,-11
Zarraga,C,M;C,UDI,2,0.4,6.0,0.5,0.0,0.0,0.0,4,3.0,5.813,5.867,0.144,-0.16,0.307,0.056,0.0,0.0,0.0,3.0,0.487,0.164,0.077,0.026,0.077,0.852,0.965,1.523,53,2,0,0.206,0,2,31,False,0.0,0.4371,0.451,65.6,65.6,71.7,6.1,0.0,4.0,3,2,-1
Bakoune,D,Dd;E,MON,2,0.4,6.0,0.5,0.0,0.0,0.0,4,,,,,,,,,,,,,,,,,,0.9337,1.178,142,2,1,0.852,1,1,70,True,0.5,0.4371,0.5011,167.9,172.7,172.7,4.8,0.0,4.0,3,2,-1
Pavard,D,Dd;Dc,INT,6,1.4,6.0,0.5,0.0,0.0,0.0,14,3.0,6.315,6.28,0.184,0.105,0.386,0.0,0.07,0.233,0.0,2.0,0.621,1.055,0.038,0.058,0.038,0.632,1.1,3.009,139,8,0,0.541,1,1,90,True,0.5,0.4369,0.4755,174.7,188.3,188.5,13.8,13.1,14.0,8,4,-6
Desplanches,P,Por,FRO,2,0.1,6.0,0.5,0.0,0.0,0.0,1,,,,,,,,,,,,,,,,,,0.9827,1.718,140,4,1,0.844,0,2,0,False,0.0,0.4368,0.5001,145.3,150.3,150.3,5.0,0.0,1.0,2,1,1
Iannoni,C,M;C,SAS,1,0.1,6.0,0.5,0.0,0.0,0.0,1,1.0,6.0,6.0,0.0,,0.132,,,,,1.0,0.757,0.0,,,,,0.9714,1.594,17,2,0,0.066,0,2,0,False,0.0,0.4367,0.4411,35.5,35.5,65.9,30.4,0.0,1.0,1,1,0
Tourè E.,A,Pc,PAR,10,3.7,6.0,0.5,0.0,0.0,0.0,37,1.0,,,0.0,,,,,,,1.0,1.883,1.041,0.459,0.254,0.459,2.927,0.9545,1.408,380,10,1,1.0,2,0,170,True,1.0,0.4365,0.5135,167.9,172.7,172.7,4.8,57.4,37.0,32,16,-5
Bremer,D,Dc,JUV,16,6.0,6.0,0.5,0.0,0.0,0.0,60,8.0,6.372,6.14,0.258,0.0929,0.635,0.119,0.022,0.168,0.0,4.0,1.79,0.669,0.113,0.028,0.113,0.794,1.0076,1.992,341,6,1,1.0,2,0,180,True,1.0,0.4362,0.5132,180.3,191.6,193.9,13.6,16.4,90.0,48,23,-12
Fazzini,C,C;T,CAG,6,2.3,6.0,0.5,0.0,0.0,0.0,23,4.0,6.067,6.03,0.226,0.044,0.474,0.069,0.028,0.194,0.0,4.0,1.851,1.167,0.149,0.105,0.149,1.624,0.9604,1.472,215,14,0,0.7,2,0,123,True,1.0,0.436,0.4872,183.6,192.4,193.0,9.4,9.7,23.0,13,7,-10
Belghali,D,Dd;E,TOR,7,2.0,6.0,0.5,0.0,0.0,0.0,20,1.0,6.1,6.1,0.0,,0.684,0.077,0.0,0.231,0.0,1.0,2.601,2.21,0.121,0.103,0.121,0.977,0.9571,1.436,313,8,1,1.0,0,0,0,False,0.0,0.436,0.513,134.7,138.8,138.8,4.1,0.0,20.0,11,6,-9
Ferguson,C,M;C,BOL,7,2.3,6.0,0.5,0.0,0.0,0.0,23,4.0,6.002,6.135,0.217,-0.16,0.651,0.152,0.04,0.172,0.01,1.0,3.481,1.686,0.403,0.195,0.403,3.012,1.004,1.952,238,5,1,1.0,2,0,180,True,1.0,0.4359,0.5128,178.7,182.6,187.2,8.5,0.0,23.0,13,7,-10
Kulenovic,A,Pc,TOR,4,0.9,6.0,0.5,0.0,0.0,0.0,9,1.0,5.71,5.71,0.0,,0.184,,,,,1.0,0.852,0.341,0.27,0.108,0.27,1.585,0.9571,1.436,0,0,0,0.0,0,2,26,False,0.0,0.4358,0.4358,39.3,39.5,64.6,25.3,0.0,9.0,8,5,-1
Gabbia,D,Dc,MIL,7,1.5,6.0,0.5,0.0,0.0,0.0,15,7.0,5.978,5.844,0.21,0.0289,0.383,0.056,0.0,0.183,0.0,4.0,1.56,0.174,0.065,0.01,0.065,0.617,1.0464,2.419,121,8,0,0.471,0,2,17,False,0.0,0.4355,0.4686,84.5,85.3,89.0,4.5,0.0,15.0,8,4,-7
Marianucci,D,Dc,NAP,1,0.3,6.0,0.5,0.0,0.0,0.0,3,2.0,5.757,5.77,0.04,,0.316,0.0,0.042,0.083,0.0,2.0,0.229,0.564,0.034,0.058,0.034,0.515,1.0241,2.173,54,4,0,0.21,0,0,0,False,0.0,0.4352,0.4494,69.1,69.1,78.8,9.7,0.0,3.0,2,2,-1
Oristanio,C,W;T,TOR,6,1.2,6.0,0.5,0.0,0.0,0.0,12,3.0,5.923,5.977,0.141,-0.16,0.693,0.076,0.051,0.063,0.0,3.0,3.438,1.253,0.212,0.079,0.212,1.884,0.9571,1.436,201,10,1,1.0,0,2,0,False,0.0,0.4351,0.5119,135.3,137.1,137.1,1.8,0.0,12.0,7,4,-5
Pessina,C,M;C,MON,6,1.5,6.0,0.5,0.0,0.0,0.0,15,7.0,6.092,6.081,0.093,-0.0021,0.647,0.126,0.042,0.12,0.042,3.0,2.933,1.194,0.141,0.046,0.063,0.751,0.9337,1.178,178,3,1,0.992,0,0,0,False,0.0,0.4347,0.5107,130.4,134.4,136.1,5.7,0.0,15.0,8,5,-7
Zambo Anguissa,C,C,NAP,10,4.1,6.0,0.5,0.0,0.0,0.0,41,5.0,6.192,6.186,0.199,-0.006,0.763,0.09,0.09,0.11,0.0,,,,,,,,1.0241,2.173,179,10,1,0.996,2,0,147,True,1.0,0.4343,0.5106,177.9,187.6,188.7,10.8,4.9,41.0,25,12,-16
Chukwueze,C,W,MIL,8,2.2,6.0,0.5,0.0,0.0,0.0,22,3.0,5.783,5.87,0.263,-0.26,0.325,0.111,0.111,0.028,0.0,2.0,2.634,2.98,0.239,0.279,0.239,2.811,1.0464,2.419,111,10,0,0.432,2,0,180,True,1.0,0.4337,0.4637,182.0,199.4,199.4,17.4,16.7,22.0,12,7,-10
Cambiaghi,C,W;A,BOL,8,2.5,6.0,0.5,0.0,0.0,0.0,25,5.0,6.063,4.902,2.452,1.187,0.678,0.107,0.087,0.087,0.0,4.0,2.395,2.209,0.171,0.134,0.171,2.2,1.004,1.952,213,6,1,1.0,2,0,150,True,1.0,0.4336,0.5101,179.0,184.0,187.3,8.3,1.3,25.0,14,7,-11
Ismajli,D,Dc,TOR,7,1.3,6.0,0.5,0.0,0.0,0.0,13,6.0,5.97,5.848,0.214,0.0694,0.596,0.007,0.022,0.154,0.0,4.0,0.587,0.223,0.022,0.009,0.022,0.263,0.9571,1.436,283,16,0,0.7,1,1,113,True,0.5,0.433,0.4838,171.4,172.7,172.7,1.3,0.0,13.0,7,4,-6
Juan Jesus,D,Ds;Dc,VEN,4,1.0,6.0,0.5,0.0,0.0,0.0,10,11.0,5.815,5.75,0.265,0.0202,0.392,0.025,0.006,0.229,0.0,4.0,0.427,0.269,0.038,0.017,0.038,0.295,0.9494,1.351,98,8,0,0.381,0,0,0,False,0.0,0.4327,0.4589,80.5,80.6,88.3,7.8,0.0,10.0,6,3,-4
Sverko,D,Ds;Dc,VEN,3,0.7,6.0,0.5,0.0,0.0,0.0,7,1.0,5.75,5.75,0.0,,0.368,0.071,0.0,0.214,0.0,1.0,0.201,0.38,0.016,0.03,0.016,0.24,0.9494,1.351,77,5,0,0.299,0,0,0,False,0.0,0.4327,0.453,76.1,76.4,83.0,6.9,0.0,7.0,4,3,-3
Vicario,P,Por,JUV,17,7.0,6.0,0.5,0.0,0.0,0.0,70,3.0,6.423,6.44,0.043,-0.05,0.64,0.0,0.0,0.058,0.0,1.0,,0.0,0.0,0.0,0.0,0.0,1.0076,1.992,176,7,1,0.984,2,0,179,True,1.0,0.4312,0.5059,170.9,184.4,187.5,16.6,17.8,70.0,90,44,20
Provedel,P,Por,INT,2,0.5,6.0,0.5,0.0,0.0,0.0,5,7.0,6.162,6.126,0.157,0.0389,0.752,0.0,0.0,0.025,0.0,4.0,,0.125,0.0,0.004,0.0,0.0,1.1,3.009,186,8,1,1.0,0,2,0,False,0.0,0.4311,0.5072,146.4,147.6,148.7,2.3,0.0,5.0,5,3,0
Ghedjemis,A,W;A,FRO,8,2.3,6.0,0.5,0.0,0.0,0.0,23,1.0,6.2,6.2,0.0,,0.132,,,,,1.0,0.244,0.119,,,,,0.9827,1.718,45,4,0,0.175,0,0,0,False,0.0,0.431,0.4426,36.5,36.7,64.9,28.4,0.0,23.0,20,10,-3
Carboni A.,D,Ds;Dc,MON,3,0.9,6.0,0.5,0.0,0.0,0.0,9,6.0,5.663,5.603,0.166,0.0303,0.43,0.011,0.034,0.157,0.0,2.0,0.719,0.347,0.044,0.017,0.044,0.633,0.9337,1.178,110,6,0,0.428,2,0,180,True,1.0,0.431,0.4606,176.1,179.9,181.4,5.3,4.7,9.0,5,3,-4
Jean,D,Dc,LEC,2,0.4,6.0,0.5,0.0,0.0,0.0,4,2.0,5.783,5.775,0.025,,0.303,0.0,0.0,0.0,0.0,2.0,0.025,0.029,0.004,0.003,0.004,0.058,0.9201,1.029,60,4,0,0.233,0,0,0,False,0.0,0.4309,0.4465,63.3,63.7,71.7,8.4,0.0,4.0,3,2,-1
Ndaba,D,Ds;E,LEC,2,0.5,6.0,0.5,0.0,0.0,0.0,5,1.0,5.5,5.5,0.0,,0.237,,,,,1.0,0.129,0.051,0.022,0.009,0.022,0.338,0.9201,1.029,0,0,0,0.0,1,1,135,True,0.5,0.4308,0.4308,170.1,179.0,187.0,16.9,3.8,5.0,3,2,-2
Gineitis,C,M;C,TOR,5,1.2,6.0,0.5,0.0,0.0,0.0,12,4.0,5.927,5.968,0.066,-0.049,0.441,0.055,0.036,0.182,0.0,3.0,1.185,1.753,0.082,0.127,0.082,1.568,0.9571,1.436,151,9,0,0.587,2,0,157,True,1.0,0.4306,0.4722,180.0,187.6,187.9,7.9,4.9,12.0,7,4,-5
Gaetano,C,M;C,ATA,7,3.0,6.0,0.5,0.0,0.0,0.0,30,5.0,6.063,4.868,2.434,1.204,0.526,0.118,0.105,0.079,0.013,4.0,2.943,1.733,0.235,0.161,0.218,2.164,1.0354,2.298,163,9,1,0.934,2,0,180,True,1.0,0.4305,0.5006,179.0,187.3,189.2,10.2,4.6,30.0,17,9,-13
Loftus-Cheek,C,C;T,MIL,4,1.6,6.0,0.5,0.0,0.0,0.0,16,3.0,6.023,6.027,0.118,-0.01,0.596,0.132,0.029,0.147,0.0,3.0,2.978,1.655,0.187,0.105,0.187,1.671,1.0464,2.419,233,11,1,1.0,2,0,115,True,1.0,0.4303,0.5062,181.1,182.3,185.9,4.8,0.0,16.0,9,5,-7
Matic,C,M;C,SAS,6,1.5,6.0,0.5,0.0,0.0,0.0,15,3.0,4.007,4.04,2.858,-0.1,0.895,0.044,0.044,0.162,0.0,2.0,0.529,1.812,0.025,0.073,0.025,0.442,0.9714,1.594,71,8,0,0.276,2,0,163,True,1.0,0.4303,0.4489,175.4,183.9,187.0,11.6,1.2,15.0,8,5,-7
Fitz-Jim,C,M;C,TOR,5,1.8,6.0,0.5,0.0,0.0,0.0,18,,,,,,,,,,,,,,,,,,0.9571,1.436,167,10,1,0.949,2,0,180,True,1.0,0.4303,0.5017,167.9,172.7,172.7,4.8,0.0,18.0,10,5,-8
El Azzouzi O.,C,M;C,BOL,2,1.0,6.0,0.5,0.0,0.0,0.0,10,,,,,,,,,,,1.0,0.472,0.957,0.082,0.166,0.082,0.346,1.004,1.952,445,11,1,1.0,1,0,79,True,0.5,0.4302,0.5061,161.1,167.3,168.0,6.9,0.0,10.0,6,3,-4
Folorunsho,C,C;T,MON,4,1.7,6.0,0.5,0.0,0.0,0.0,17,3.0,6.007,6.0,0.033,0.02,0.632,0.097,0.014,0.181,0.0,3.0,2.396,1.033,0.128,0.05,0.128,1.516,0.9337,1.178,204,17,1,1.0,0,1,36,False,0.0,0.4301,0.506,123.2,124.1,124.9,1.7,0.0,17.0,9,5,-8
Duncan,C,C,VEN,2,0.4,6.0,0.5,0.0,0.0,0.0,4,10.0,5.937,5.944,0.122,-0.0059,0.608,0.056,0.087,0.156,0.0,3.0,1.128,1.516,0.069,0.102,0.069,1.058,0.9494,1.351,142,7,1,0.852,0,0,0,False,0.0,0.4284,0.4912,122.4,122.4,123.0,0.6,0.0,4.0,3,2,-1
Marin R.,D,Dc,NAP,2,0.8,6.0,0.5,0.0,0.0,0.0,8,1.0,6.0,6.0,0.0,,0.079,,,,,1.0,0.086,0.022,0.006,0.002,0.006,0.207,1.0241,2.173,15,3,0,0.058,2,0,171,True,1.0,0.4284,0.4322,175.0,201.8,202.4,27.4,26.6,8.0,5,3,-3
Havel,A,Pc,GEN,4,0.5,6.0,0.5,0.0,0.0,0.0,5,,,,,,,,,,,,,,,,,,0.9593,1.46,165,4,1,0.942,0,1,0,False,0.0,0.4282,0.4987,138.7,143.1,144.4,5.7,27.8,5.0,5,3,0
Sow,C,M;C,GEN,7,1.5,6.0,0.5,0.0,0.0,0.0,15,,,,,,,,,,,,,,,,,,0.9593,1.46,165,10,1,0.942,1,1,73,True,0.5,0.4276,0.498,161.1,167.3,168.0,6.9,0.0,15.0,8,5,-7
Messias,C,W;T,GEN,4,0.8,6.0,0.5,0.0,0.0,0.0,8,6.0,6.12,6.1,0.102,-0.0034,0.61,0.173,0.065,0.094,0.007,4.0,2.081,1.295,0.192,0.115,0.158,2.016,0.9593,1.46,438,17,1,1.0,0,2,56,False,0.0,0.4272,0.5026,126.4,137.3,137.3,10.9,0.0,8.0,5,3,-3
Chakvetadze,C,W;T,UDI,2,0.6,6.0,0.5,0.0,0.0,0.0,6,,,,,,,,,,,,,,,,,,0.965,1.523,184,5,1,1.0,0,0,0,False,0.0,0.4264,0.5017,138.7,143.1,144.4,5.7,0.0,6.0,4,2,-2
Bowie,A,Pc,SAS,9,3.2,6.0,0.5,0.0,0.0,0.0,32,1.0,5.96,5.96,0.0,,0.368,0.286,0.0,0.071,0.0,1.0,4.099,0.441,0.305,0.033,0.305,2.453,0.9714,1.594,133,4,1,0.817,2,0,160,True,1.0,0.4263,0.4858,179.0,203.1,203.6,24.6,87.8,32.0,27,14,-5
Pieragnolo,D,Ds;E,SAS,1,0.1,6.0,0.5,0.0,0.0,0.0,1,1.0,,,0.0,,,,,,,,,,,,,,0.9714,1.594,366,2,1,1.0,0,0,0,False,0.0,0.4262,0.5014,138.7,143.1,144.4,5.7,0.0,1.0,1,1,0
Lisman,A,W;A,VEN,1,0.1,6.0,0.5,0.0,0.0,0.0,1,,,,,,,,,,,,,,,,,,0.9494,1.351,308,4,1,1.0,0,1,0,False,0.0,0.4262,0.5014,138.7,143.1,144.4,5.7,27.8,1.0,2,1,1
Holm,D,Dd;E,BOL,6,1.3,6.0,0.5,0.0,0.0,0.0,13,5.0,6.015,4.806,2.404,1.206,0.447,0.059,0.103,0.191,0.0,4.0,1.376,1.581,0.126,0.13,0.126,1.315,1.004,1.952,250,15,0,0.7,1,1,93,True,0.5,0.4261,0.4761,177.7,177.8,181.4,3.7,2.6,13.0,7,4,-6
Cacciamani,C,E;W,TOR,6,2.4,6.0,0.5,0.0,0.0,0.0,24,1.0,6.0,6.0,0.0,,0.026,,,,,,,,,,,,0.9571,1.436,0,0,0,0.0,2,0,171,True,1.0,0.426,0.426,175.0,201.8,202.4,27.4,19.1,24.0,14,7,-10
Perez K.,C,C;T,VEN,5,1.5,6.0,0.5,0.0,0.0,0.0,15,1.0,6.03,6.03,0.0,,0.421,0.062,0.062,0.25,0.0,1.0,1.355,1.047,0.108,0.083,0.108,1.035,0.9494,1.351,242,11,0,0.7,2,0,150,True,1.0,0.4258,0.4758,181.2,190.6,190.9,9.7,7.9,15.0,8,5,-7
Kambwala,D,Dd;Dc,COM,3,0.8,6.0,0.5,0.0,0.0,0.0,8,,,,,,,,,,,,,,,,,,1.0068,1.982,306,4,1,1.0,0,1,0,False,0.0,0.4258,0.501,138.7,143.1,144.4,5.7,0.0,8.0,5,3,-3
Bobcek,A,Pc,FRO,9,3.1,6.0,0.5,0.0,0.0,0.0,31,,,,,,,,,,,,,,,,,,0.9827,1.718,245,7,1,1.0,0,0,0,False,0.0,0.4255,0.5006,138.7,143.1,144.4,5.7,27.8,31.0,27,14,-4
Mlacic,D,Dc,UDI,1,0.3,6.0,0.5,0.0,0.0,0.0,3,1.0,5.83,5.83,0.0,,0.079,,,,,1.0,,0.054,,,,,0.965,1.523,0,0,0,0.0,0,1,0,False,0.0,0.4254,0.4254,34.2,34.7,65.9,31.7,0.0,3.0,2,2,-1
Cittadini,D,Dc,FRO,4,0.8,6.0,0.5,0.0,0.0,0.0,8,1.0,6.0,6.0,0.0,,0.079,,,,,1.0,,0.0,,,,,0.9827,1.718,15,2,0,0.058,1,1,106,True,0.5,0.4252,0.4289,172.0,189.9,190.6,18.6,14.7,8.0,5,3,-3
Neres,A,W;A,NAP,6,2.0,6.0,0.5,0.0,0.0,0.0,20,2.0,6.233,6.255,0.065,,0.539,0.122,0.195,0.122,0.0,2.0,1.988,3.581,0.183,0.293,0.183,1.882,1.0241,2.173,432,13,1,1.0,0,2,10,False,0.0,0.4247,0.4997,109.8,115.0,115.1,5.3,0.0,20.0,17,9,-3
Correia T.,D,Dd;E,VEN,5,1.2,6.0,0.5,0.0,0.0,0.0,12,1.0,,,0.0,,,,,,,,,,,,,,0.9494,1.351,421,9,1,1.0,1,1,88,True,0.5,0.4247,0.4997,161.1,167.3,168.0,6.9,0.0,12.0,7,4,-5
Birligea,A,Pc,FRO,5,1.1,6.0,0.5,0.0,0.0,0.0,11,,,,,,,,,,,,,,,,,,0.9827,1.718,242,10,1,1.0,0,1,1,False,0.0,0.4244,0.4993,138.7,143.1,144.4,5.7,27.8,11.0,10,5,-1
Badiashile,D,Dc,NAP,7,1.8,6.0,0.5,0.0,0.0,0.0,18,,,,,,,,,,,,,,,,,,1.0241,2.173,415,12,1,1.0,0,0,0,False,0.0,0.4242,0.499,138.7,143.1,144.4,5.7,0.0,18.0,10,5,-8
Frigan,A,A,PAR,4,0.6,6.0,0.5,0.0,0.0,0.0,6,1.0,,,0.0,,,,,,,,,,,,,,0.9545,1.408,367,6,1,1.0,0,2,0,False,0.0,0.4242,0.499,138.7,143.1,144.4,5.7,27.8,6.0,6,3,0
Casale,D,Dc,BOL,3,0.5,6.0,0.5,0.0,0.0,0.0,5,5.0,5.648,5.762,0.142,-0.077,0.563,0.01,0.031,0.227,0.0,4.0,0.627,0.264,0.039,0.017,0.039,0.394,1.004,1.952,175,14,0,0.681,0,1,0,False,0.0,0.424,0.4722,105.3,107.2,113.4,8.1,0.0,5.0,3,2,-2
Hien,D,Dc,ATA,7,1.1,6.0,0.5,0.0,0.0,0.0,11,4.0,5.93,5.938,0.016,-0.009,0.73,0.009,0.0,0.252,0.0,4.0,0.919,0.074,0.027,0.003,0.027,0.291,1.0354,2.298,231,13,1,1.0,0,0,0,False,0.0,0.4234,0.4981,136.2,141.0,141.3,5.1,0.0,11.0,6,3,-5
Trepy,A,Pc,CAG,1,0.2,6.0,0.5,0.0,0.0,0.0,2,1.0,5.67,5.67,0.0,,0.079,,,,,1.0,0.598,0.146,,,,,0.9604,1.472,0,0,0,0.0,0,0,0,False,0.0,0.4234,0.4234,33.5,33.8,64.6,31.1,0.0,2.0,3,2,1
Gaspar K.,D,Dc,LEC,5,1.2,6.0,0.5,0.0,0.0,0.0,12,2.0,5.943,6.0,0.17,,0.592,0.0,0.022,0.2,0.0,2.0,0.785,0.515,0.035,0.023,0.035,0.566,0.9201,1.029,147,4,1,0.872,2,0,180,True,1.0,0.4225,0.4861,174.1,175.2,176.3,2.2,0.0,12.0,7,4,-5
Ciurria,C,E;W,MON,2,0.6,6.0,0.5,0.0,0.0,0.0,6,3.0,5.88,5.947,0.174,-0.2,0.649,0.095,0.108,0.095,0.0,3.0,1.512,3.632,0.108,0.179,0.108,1.464,0.9337,1.178,210,7,1,1.0,0,0,0,False,0.0,0.4222,0.4967,129.0,131.0,131.7,2.7,0.0,6.0,4,2,-2
Dele-Bashiru,C,C;T,LAZ,5,1.3,6.0,0.5,0.0,0.0,0.0,13,2.0,5.813,5.875,0.185,,0.5,0.105,0.026,0.0,0.0,2.0,0.885,0.955,0.089,0.082,0.089,1.068,0.9953,1.856,107,8,1,0.716,1,0,54,True,0.5,0.4221,0.4729,177.8,177.8,179.8,2.0,0.0,13.0,7,4,-6
Olivera,D,B;Ds;E,NAP,5,1.3,6.0,0.5,0.0,0.0,0.0,13,4.0,5.872,5.917,0.136,-0.055,0.645,0.031,0.02,0.122,0.0,4.0,1.397,1.555,0.059,0.081,0.059,0.585,1.0241,2.173,172,12,1,0.969,1,1,65,True,0.5,0.4218,0.4935,165.8,166.1,167.0,1.2,0.0,13.0,7,4,-6
Helland,D,Dd;Dc,BOL,3,1.2,6.0,0.5,0.0,0.0,0.0,12,1.0,5.5,5.5,0.0,,0.158,,,,,1.0,0.1,0.15,0.018,0.027,0.018,0.181,1.004,1.952,7,3,0,0.027,2,0,180,True,1.0,0.4215,0.4232,171.2,183.1,191.6,20.4,7.9,12.0,7,4,-5
Maldini,A,T;A,CAG,5,2.1,6.0,0.5,0.0,0.0,0.0,21,7.0,6.008,5.221,2.135,0.4186,0.351,0.184,0.026,0.105,0.0,4.0,3.944,1.046,0.305,0.102,0.305,2.641,0.9604,1.472,152,11,1,0.891,2,0,165,True,1.0,0.4214,0.4864,182.3,196.2,196.2,13.9,80.9,21.0,18,9,-3
Cataldi,C,M;C,LAZ,4,1.2,6.0,0.5,0.0,0.0,0.0,12,11.0,6.045,5.921,0.17,0.0326,0.574,0.058,0.058,0.25,0.008,4.0,1.672,1.151,0.051,0.058,0.031,0.722,0.9953,1.856,224,10,1,1.0,0,0,0,False,0.0,0.4207,0.4949,112.8,115.3,118.9,6.1,0.0,12.0,7,4,-5
Stones,D,Dc,INT,12,2.5,6.0,0.5,0.0,0.0,0.0,25,,,,,,,,,,,,,,,,,,1.1,3.009,339,12,1,1.0,0,2,37,False,0.0,0.4204,0.4946,150.1,155.2,155.2,5.1,0.0,25.0,13,7,-12
Kvernadze,A,W;A,FRO,6,2.4,6.0,0.5,0.0,0.0,0.0,24,1.0,5.75,5.75,0.0,,0.053,,,,,1.0,,0.0,,,,,0.9827,1.718,0,0,0,0.0,2,0,180,True,1.0,0.4201,0.4201,178.2,193.0,193.3,15.1,77.7,24.0,21,11,-3
Odgaard,C,T,BOL,8,1.7,6.0,0.5,0.0,0.0,0.0,17,4.0,6.038,6.067,0.12,-0.035,0.395,0.22,0.06,0.04,0.0,3.0,3.341,1.207,0.219,0.086,0.219,2.245,1.004,1.952,146,9,1,0.868,2,0,150,True,1.0,0.4199,0.4828,180.7,202.3,202.3,21.6,19.6,17.0,9,5,-8
Van Der Brempt,D,Dd;E,SAS,2,1.1,6.0,0.5,0.0,0.0,0.0,11,2.0,5.953,5.95,0.01,,0.421,0.0,0.062,0.156,0.0,2.0,0.3,0.621,0.031,0.052,0.031,0.415,0.9714,1.594,229,11,0,0.7,0,0,0,False,0.0,0.4198,0.469,82.5,82.5,89.7,7.2,0.0,11.0,6,3,-5
Parisi,D,Ds;E,FIO,4,1.0,6.0,0.5,0.0,0.0,0.0,10,5.0,5.958,5.952,0.15,0.008,0.632,0.042,0.025,0.233,0.0,4.0,0.98,1.741,0.061,0.09,0.061,0.855,1.0124,2.045,210,6,1,1.0,0,0,0,False,0.0,0.4189,0.4928,119.6,119.6,121.7,2.1,0.0,10.0,6,3,-4
Diao,A,W;A,COM,12,5.0,6.0,0.5,0.0,0.0,0.0,50,2.0,6.167,6.25,0.25,,0.395,0.3,0.033,0.133,0.0,2.0,3.289,1.232,0.255,0.094,0.255,2.244,1.0068,1.982,221,7,1,1.0,1,1,110,True,0.5,0.4187,0.4926,170.5,195.8,197.4,26.9,80.5,50.0,43,22,-7
Jimenez A.,D,Dd;Ds;E,FIO,7,1.8,6.0,0.5,0.0,0.0,0.0,18,3.0,5.567,5.483,0.388,0.25,0.202,0.0,0.0,0.286,0.0,1.0,1.275,1.689,0.089,0.118,0.089,1.051,1.0124,2.045,62,4,0,0.241,1,1,112,True,0.5,0.4187,0.4344,163.8,167.4,175.3,11.5,0.0,18.0,10,5,-8
Sulemana K.,A,A,ATA,6,0.8,6.0,0.5,0.0,0.0,0.0,8,1.0,6.0,6.0,0.0,,0.553,0.095,0.048,0.19,0.0,1.0,2.488,2.28,0.225,0.207,0.225,2.266,1.0354,2.298,218,9,1,1.0,0,2,0,False,0.0,0.4185,0.4923,110.3,113.7,114.2,3.9,0.0,8.0,7,4,-1
Delli Carri,D,Dc,MON,4,1.1,6.0,0.5,0.0,0.0,0.0,11,1.0,5.5,5.5,0.0,,0.132,,,,,3.0,,0.106,0.0,0.004,0.0,0.0,0.9337,1.178,0,0,0,0.0,0,2,31,False,0.0,0.4182,0.4182,32.4,33.0,61.5,29.1,0.0,11.0,6,3,-5
Bakola,C,C;T,SAS,6,1.4,6.0,0.5,0.0,0.0,0.0,14,1.0,6.17,6.17,0.0,,0.079,,,,,1.0,0.127,0.474,,,,,0.9714,1.594,66,3,0,0.257,2,0,180,True,1.0,0.4181,0.4349,174.1,202.5,202.5,28.4,19.8,14.0,8,4,-6
Arizala,D,Ds;E,UDI,4,0.8,6.0,0.5,0.0,0.0,0.0,8,1.0,5.8,5.8,0.0,,0.132,,,,,1.0,0.027,0.135,,,,,0.965,1.523,42,2,0,0.163,0,2,10,False,0.0,0.4172,0.4277,34.2,34.7,65.9,31.7,0.0,8.0,5,3,-3
Meret,P,Por,NAP,11,4.8,6.0,0.5,0.0,0.0,0.0,48,10.0,6.232,5.569,1.863,0.3268,0.55,0.0,0.006,0.006,0.0,4.0,,0.114,0.0,0.004,0.0,0.0,1.0241,2.173,199,12,1,1.0,2,0,180,True,1.0,0.4169,0.4905,170.4,178.7,182.4,12.0,12.1,48.0,58,28,10
Maleh,C,M;C,LEC,3,0.7,6.0,0.5,0.0,0.0,0.0,7,5.0,5.75,5.836,0.126,-0.075,0.637,0.025,0.033,0.223,0.0,4.0,1.131,1.083,0.055,0.058,0.055,0.938,0.9201,1.029,174,5,1,0.977,0,2,74,False,0.0,0.416,0.4874,119.4,120.3,123.9,4.5,0.0,7.0,4,2,-3
Kristensen T.,D,Dd;Dc,ATA,6,2.0,6.0,0.5,0.0,0.0,0.0,20,3.0,5.812,5.78,0.168,0.095,0.658,0.053,0.013,0.147,0.0,1.0,0.668,0.778,0.034,0.04,0.034,0.463,1.0354,2.298,188,9,1,1.0,0,0,0,False,0.0,0.4157,0.4891,123.9,124.2,125.2,1.3,0.0,20.0,11,6,-9
Scalvini,D,Dc,ATA,10,2.8,6.0,0.5,0.0,0.0,0.0,28,5.0,5.873,5.906,0.208,-0.025,0.563,0.068,0.039,0.126,0.0,4.0,2.179,0.976,0.085,0.05,0.085,0.763,1.0354,2.298,444,17,1,1.0,2,0,180,True,1.0,0.4151,0.4883,175.4,175.8,176.0,0.6,0.6,28.0,15,7,-13
Kone B.,C,C,FRO,1,0.3,6.0,0.5,0.0,0.0,0.0,3,2.0,5.667,5.5,0.5,,0.026,,,,,1.0,5.083,1.76,0.164,0.057,0.164,0.741,0.9827,1.718,124,12,0,0.482,0,0,0,False,0.0,0.4148,0.4471,33.5,33.8,64.6,31.1,0.0,3.0,2,2,-1
Mutandwa,A,Pc,CAG,6,0.7,6.0,0.5,0.0,0.0,0.0,7,1.0,5.9,5.9,0.0,,0.132,,,,,2.0,0.155,0.0,,,,,0.9604,1.472,57,6,0,0.222,0,1,9,False,0.0,0.4147,0.429,34.7,35.1,65.9,31.2,0.0,7.0,7,4,0
Gelli F.,C,C;T,FRO,3,0.6,6.0,0.5,0.0,0.0,0.0,6,1.0,5.85,5.85,0.0,,0.526,0.0,0.0,0.15,0.0,1.0,0.77,3.516,0.044,0.203,0.044,0.576,0.9827,1.718,146,6,1,0.868,0,0,0,False,0.0,0.4145,0.4765,98.0,98.2,101.6,3.6,0.0,6.0,4,2,-2
Kolasinac,D,Ds;Dc,ATA,6,0.8,6.0,0.5,0.0,0.0,0.0,8,3.0,6.063,6.063,0.047,-0.0,0.605,0.014,0.029,0.203,0.0,3.0,0.523,1.214,0.035,0.061,0.035,0.437,1.0354,2.298,340,17,1,1.0,1,1,97,True,0.5,0.4142,0.4873,165.7,170.4,171.4,5.7,0.0,8.0,5,3,-3
Scamacca,A,Pc,ATA,19,11.0,6.0,0.5,0.0,0.0,0.0,110,9.0,4.158,3.442,3.08,0.2228,0.574,0.426,0.083,0.102,0.046,2.0,8.67,2.581,0.558,0.168,0.509,3.811,1.0354,2.298,447,10,1,1.0,2,0,128,True,1.0,0.4141,0.4872,178.9,209.2,210.3,31.4,93.9,110.0,94,47,-16
Almqvist,C,W;A,PAR,4,1.1,6.0,0.5,0.0,0.0,0.0,11,3.0,5.897,5.903,0.082,-0.02,0.57,0.054,0.036,0.179,0.0,3.0,1.351,2.177,0.132,0.161,0.132,1.746,0.9545,1.408,200,11,1,1.0,0,2,35,False,0.0,0.4139,0.4869,106.4,107.6,111.6,5.2,0.0,11.0,6,3,-5
Kalulu,D,Dd;Dc,JUV,14,4.7,6.0,0.5,0.0,0.0,0.0,47,6.0,6.053,5.958,0.232,0.0466,0.605,0.041,0.05,0.099,0.0,,,,,,,,1.0076,1.992,233,6,1,1.0,2,0,180,True,1.0,0.4128,0.4857,176.7,177.4,179.9,3.2,2.2,63.45,33,16,-14
Liteta,C,M;C,CAG,1,0.1,6.0,0.5,0.0,0.0,0.0,1,1.0,5.75,5.75,0.0,,0.105,,,,,,,,,,,,0.9604,1.472,49,3,0,0.191,0,2,0,False,0.0,0.4125,0.4247,33.5,33.8,64.6,31.1,0.0,1.0,1,1,0
Traorè Hj.,C,W;T,GEN,4,1.1,6.0,0.5,0.0,0.0,0.0,11,6.0,5.862,6.012,0.163,-0.0626,0.601,0.14,0.07,0.132,0.0,2.0,0.775,1.067,0.149,0.197,0.149,1.663,0.9593,1.46,343,9,1,1.0,0,0,0,False,0.0,0.4124,0.4852,114.1,119.7,120.6,6.5,0.0,11.0,6,3,-5
Spence,D,E,INT,11,3.7,6.0,0.5,0.0,0.0,0.0,37,1.0,6.0,6.0,0.0,,0.395,0.0,0.0,0.067,0.0,1.0,0.089,0.237,0.01,0.026,0.01,0.215,1.1,3.009,120,8,1,0.767,0,0,0,False,0.0,0.4097,0.463,77.5,77.8,83.3,5.8,0.0,49.95,26,13,-11
Moreno M.,D,Dc,VEN,4,0.6,6.0,0.5,0.0,0.0,0.0,6,1.0,5.67,5.67,0.0,,0.079,,,,,2.0,1.192,1.771,0.06,0.107,0.06,0.755,0.9494,1.351,62,4,0,0.241,0,0,0,False,0.0,0.4092,0.4245,33.5,33.8,64.6,31.1,0.0,6.0,4,2,-2
Pobega,C,M;C,BOL,6,1.2,6.0,0.5,0.0,0.0,0.0,12,6.0,5.92,6.022,0.137,-0.0574,0.504,0.157,0.037,0.25,0.0,4.0,1.808,0.611,0.148,0.058,0.148,1.758,1.004,1.952,198,8,1,1.0,1,1,72,True,0.5,0.4091,0.4813,170.4,176.6,179.8,9.4,0.0,12.0,7,4,-5
Gorter,C,M;C,LEC,3,1.2,6.0,0.5,0.0,0.0,0.0,12,1.0,5.5,5.5,0.0,,0.026,,,,,,,,,,,,0.9201,1.029,0,0,0,0.0,2,0,106,True,1.0,0.4087,0.4087,171.2,183.1,191.6,20.4,0.4,12.0,7,4,-5
Stankovic A.,C,M;C,INT,3,0.7,6.0,0.5,0.0,0.0,0.0,7,2.0,4.4,3.3,3.3,,0.395,0.0,0.0,0.067,0.0,1.0,,0.0,0.0,0.0,0.0,0.0,1.1,3.009,0,0,0,0.0,0,2,11,False,0.0,0.4078,0.4078,81.7,81.7,88.1,6.4,0.0,7.0,4,2,-3
Fini,C,W,FRO,4,1.3,6.0,0.5,0.0,0.0,0.0,13,1.0,5.5,5.5,0.0,,0.026,,,,,,,,,,,,0.9827,1.718,0,0,0,0.0,2,0,104,True,1.0,0.4077,0.4077,171.2,183.1,191.6,20.4,0.4,13.0,7,4,-6
Gagliardini,C,M;C,CAG,3,0.8,6.0,0.5,0.0,0.0,0.0,8,11.0,5.825,5.919,0.165,-0.0231,0.51,0.087,0.039,0.223,0.0,4.0,1.452,0.62,0.112,0.041,0.112,1.094,0.9604,1.472,290,10,1,1.0,0,0,0,False,0.0,0.4072,0.4791,96.6,96.6,100.2,3.6,0.0,8.0,5,3,-3
Palma,D,Dc,UDI,3,1.1,6.0,0.5,0.0,0.0,0.0,11,1.0,5.5,5.5,0.0,,0.105,,,,,1.0,,0.0,,,,,0.965,1.523,43,5,0,0.167,1,0,45,True,0.5,0.4063,0.4167,166.2,171.3,181.4,15.2,0.0,11.0,6,3,-5
Corvi,P,Por,PAR,2,1.0,6.0,0.5,0.0,0.0,0.0,10,2.0,4.12,3.09,3.09,,0.447,0.0,0.0,0.059,0.0,1.0,,0.0,0.0,0.0,0.0,0.0,0.9545,1.408,0,0,0,0.0,2,0,180,True,1.0,0.4059,0.4059,169.8,184.2,191.6,21.8,17.6,10.0,10,5,0
Helgason,C,C;T,VEN,3,0.3,6.0,0.5,0.0,0.0,0.0,3,4.0,4.82,4.36,2.521,0.552,0.246,0.0,0.235,0.0,0.0,3.0,0.581,0.527,0.099,0.096,0.099,1.273,0.9494,1.351,16,4,0,0.062,0,2,0,False,0.0,0.4053,0.4091,51.2,51.7,69.8,18.6,0.0,3.0,2,2,-1
Kossounou,D,Dd;Dc,ATA,4,1.2,6.0,0.5,0.0,0.0,0.0,12,2.0,5.94,5.94,0.0,,0.434,0.03,0.0,0.061,0.0,2.0,0.539,0.162,0.058,0.014,0.058,0.47,1.0354,2.298,157,6,1,0.911,2,0,180,True,1.0,0.405,0.4691,173.6,180.4,180.4,6.8,5.2,12.0,7,4,-5
Jashari,C,C,MIL,5,1.3,6.0,0.5,0.0,0.0,0.0,13,1.0,5.71,5.71,0.0,,0.316,0.0,0.083,0.0,0.0,1.0,0.243,1.13,0.031,0.145,0.031,0.896,1.0464,2.419,82,7,1,0.619,1,1,72,True,0.5,0.4043,0.4457,167.6,173.3,173.9,6.3,0.0,13.0,7,4,-6
Adzic,C,C;T,SAS,6,1.6,6.0,0.5,0.0,0.0,0.0,16,2.0,6.08,6.06,0.06,,0.066,,,,,2.0,0.16,0.091,,,,,0.9714,1.594,110,7,0,0.428,2,0,124,True,1.0,0.4036,0.4313,172.9,193.1,194.2,21.3,10.4,16.0,9,5,-7
Ratkov,A,Pc,LAZ,9,2.2,6.0,0.5,0.0,0.0,0.0,22,1.0,5.64,5.64,0.0,,0.184,,,,,1.0,0.532,0.018,,,,,0.9953,1.856,102,5,0,0.397,0,1,0,False,0.0,0.4034,0.4289,38.5,39.0,64.6,26.1,0.0,22.0,19,10,-3
Motta,P,Por,LAZ,1,0.1,6.0,0.5,0.0,0.0,0.0,1,1.0,6.0,6.0,0.0,,0.237,,,,,1.0,,0.046,0.0,0.005,0.0,0.0,0.9953,1.856,93,7,1,0.662,0,2,0,False,0.0,0.4029,0.4473,47.5,47.6,70.3,22.8,0.0,1.0,2,1,1
Ahanor,D,B;Ds;E,ATA,6,1.3,6.0,0.5,0.0,0.0,0.0,13,2.0,5.86,5.895,0.105,,0.355,0.0,0.0,0.095,0.0,2.0,1.821,0.094,0.17,0.01,0.17,0.883,1.0354,2.298,149,5,1,0.879,0,0,0,False,0.0,0.4027,0.4639,69.9,69.9,78.5,8.6,0.0,13.0,7,4,-6
Norton-Cuffy,D,Dd;E,GEN,8,1.5,6.0,0.5,0.0,0.0,0.0,15,2.0,5.853,5.815,0.115,,0.487,0.074,0.037,0.111,0.0,2.0,1.411,0.998,0.068,0.061,0.068,0.611,0.9593,1.46,182,8,1,1.0,2,0,180,True,1.0,0.402,0.4729,175.3,175.8,176.0,0.7,0.6,15.0,8,4,-7
Rovella,C,M;C,LAZ,7,1.6,6.0,0.5,0.0,0.0,0.0,16,7.0,5.922,5.999,0.146,-0.0082,0.489,0.008,0.102,0.281,0.0,4.0,0.638,1.707,0.05,0.097,0.05,0.807,0.9953,1.856,264,11,1,1.0,2,0,127,True,1.0,0.4014,0.4722,169.5,171.5,171.5,2.0,0.0,16.0,9,5,-7
Zanoli,D,Dd;E,UDI,4,1.0,6.0,0.5,0.0,0.0,0.0,10,5.0,5.967,5.942,0.076,0.017,0.474,0.048,0.071,0.131,0.0,4.0,0.303,1.358,0.064,0.088,0.064,0.537,0.965,1.523,278,7,1,1.0,0,0,0,False,0.0,0.4013,0.4721,91.6,91.9,96.1,4.5,0.0,10.0,6,3,-4
Romero D.,A,Pc,PAR,10,3.7,6.0,0.5,0.0,0.0,0.0,37,1.0,6.0,6.0,0.0,,0.421,0.0,0.0,0.125,0.0,1.0,0.858,0.036,,,,,0.9545,1.408,196,9,1,1.0,0,2,28,False,0.0,0.4013,0.4721,82.5,82.5,88.3,5.8,0.0,37.0,32,16,-5
Lang,A,A,NAP,4,1.4,6.0,0.5,0.0,0.0,0.0,14,1.0,6.04,6.04,0.0,,0.368,0.071,0.143,0.143,0.0,1.0,1.365,1.975,0.19,0.276,0.19,1.256,1.0241,2.173,287,11,1,1.0,1,1,80,True,0.5,0.4009,0.4716,170.4,177.1,180.4,10.0,61.8,14.0,12,7,-2
Valenti,D,Dc,PAR,4,1.0,6.0,0.5,0.0,0.0,0.0,10,3.0,5.837,5.75,0.224,0.26,0.491,0.021,0.0,0.234,0.0,2.0,0.391,0.657,0.016,0.031,0.016,0.566,0.9545,1.408,310,12,1,1.0,0,2,0,False,0.0,0.3994,0.4699,92.6,92.6,97.0,4.4,0.0,10.0,6,3,-4
Gilmour,C,M;C,NAP,3,1.0,6.0,0.5,0.0,0.0,0.0,10,2.0,6.053,6.04,0.04,,0.395,0.033,0.033,0.033,0.0,2.0,0.59,0.994,0.055,0.091,0.055,0.873,1.0241,2.173,223,6,1,1.0,0,2,0,False,0.0,0.3994,0.4699,80.1,80.1,82.5,2.4,0.0,10.0,6,3,-4
Walukiewicz,D,Dd;Dc,SAS,4,1.0,6.0,0.5,0.0,0.0,0.0,10,7.0,5.775,5.714,0.117,0.0379,0.515,0.0,0.016,0.172,0.0,4.0,0.251,0.662,0.012,0.032,0.012,0.232,0.9714,1.594,191,10,1,1.0,0,0,0,False,0.0,0.399,0.4694,95.4,96.7,101.2,5.8,0.0,10.0,6,3,-4
Sommariva,P,Por,GEN,1,0.1,6.0,0.5,0.0,0.0,0.0,1,3.0,5.208,4.25,3.048,2.875,0.039,,,,,,,,,,,,0.9593,1.46,0,0,0,0.0,0,2,0,False,0.0,0.3989,0.3989,32.4,33.0,61.5,29.1,0.0,1.0,2,1,1
Carboni F.,D,Ds;E,PAR,1,0.3,6.0,0.5,0.0,0.0,0.0,3,4.0,4.967,4.537,2.623,0.515,0.079,,,,,2.0,0.719,0.347,0.044,0.017,0.044,0.633,0.9545,1.408,6,2,0,0.023,0,2,0,False,0.0,0.3987,0.4001,32.4,33.0,61.5,29.1,0.0,3.0,2,2,-1
Anjorin,C,C;T,TOR,1,0.4,6.0,0.5,0.0,0.0,0.0,4,2.0,5.953,6.04,0.26,,0.408,0.091,0.136,0.136,0.0,2.0,0.666,1.202,0.091,0.156,0.091,1.755,0.9571,1.436,279,11,1,1.0,0,1,0,False,0.0,0.3986,0.469,81.6,81.7,83.9,2.3,0.0,4.0,3,2,-1
Siebert,D,Dc,LEC,4,1.2,6.0,0.5,0.0,0.0,0.0,12,1.0,5.68,5.68,0.0,,0.5,0.053,0.0,0.158,0.0,1.0,0.48,0.315,0.025,0.017,0.025,0.317,0.9201,1.029,215,5,1,1.0,2,0,180,True,1.0,0.3967,0.4667,166.4,168.3,168.3,1.9,0.0,12.0,7,4,-5
Felici,C,W,CAG,5,0.7,6.0,0.5,0.0,0.0,0.0,7,2.0,5.977,5.94,0.11,,0.382,0.069,0.138,0.138,0.0,2.0,1.256,0.991,0.168,0.137,0.168,1.31,0.9604,1.472,211,4,1,1.0,0,2,24,False,0.0,0.3965,0.4665,75.1,75.1,76.7,1.6,0.0,7.0,4,2,-3
Idrissi R.,D,Ds;E,CAG,3,0.3,6.0,0.5,0.0,0.0,0.0,3,1.0,5.82,5.82,0.0,,0.447,0.118,0.0,0.176,0.0,1.0,0.789,0.248,0.096,0.03,0.096,0.733,0.9604,1.472,237,2,1,1.0,0,0,0,False,0.0,0.3964,0.4663,85.1,85.3,90.0,4.9,0.0,3.0,2,2,-1
Bella-Kotchap,D,Dc,VEN,5,1.3,6.0,0.5,0.0,0.0,0.0,13,1.0,5.83,5.83,0.0,,0.474,0.0,0.0,0.167,0.0,1.0,0.076,0.047,0.005,0.003,0.005,0.2,0.9494,1.351,218,8,1,1.0,2,0,180,True,1.0,0.3957,0.4655,164.6,168.3,168.3,3.7,0.0,13.0,7,4,-6
Bijlow,P,Por,GEN,8,1.5,6.0,0.5,0.0,0.0,0.0,15,1.0,6.06,6.06,0.0,,0.421,0.0,0.0,0.062,0.0,1.0,,0.0,0.0,0.0,0.0,0.0,0.9593,1.46,316,8,1,1.0,2,0,180,True,1.0,0.3944,0.464,168.9,175.9,176.2,7.3,9.3,15.0,15,8,0
Hermoso,D,Dc,ROM,11,2.6,6.0,0.5,0.0,0.0,0.0,26,2.0,5.82,5.645,0.525,,0.408,0.111,0.074,0.333,0.0,2.0,1.485,0.43,0.087,0.033,0.087,0.81,1.0268,2.203,235,11,1,1.0,2,0,158,True,1.0,0.394,0.4635,174.8,175.8,176.0,1.2,0.6,26.0,14,7,-12
Boloca,C,M;C,SAS,2,0.5,6.0,0.5,0.0,0.0,0.0,5,2.0,5.783,5.8,0.05,,0.421,0.033,0.0,0.2,0.0,1.0,0.66,0.414,0.029,0.018,0.029,0.576,0.9714,1.594,321,6,1,1.0,0,0,0,False,0.0,0.3939,0.4634,80.5,80.6,88.3,7.8,0.0,5.0,3,2,-2
Addai,C,W;A,COM,4,1.0,6.0,0.5,0.0,0.0,0.0,10,1.0,5.96,5.96,0.0,,0.316,0.25,0.0,0.333,0.0,1.0,1.514,1.021,0.198,0.134,0.198,1.701,1.0068,1.982,381,8,1,1.0,0,0,0,False,0.0,0.3936,0.463,64.9,66.5,73.1,8.2,0.0,10.0,6,3,-4
Berisha M.,C,C;T,LEC,4,1.2,6.0,0.5,0.0,0.0,0.0,12,2.0,6.137,6.12,0.05,,0.342,0.077,0.154,0.192,0.0,1.0,,0.0,0.0,0.0,0.0,0.0,0.9201,1.029,375,8,1,1.0,0,1,0,False,0.0,0.3933,0.4627,70.7,70.7,72.2,1.5,0.0,12.0,7,4,-5
Kaba,C,M;C,LEC,1,0.2,6.0,0.5,0.0,0.0,0.0,2,3.0,5.815,5.823,0.045,-0.025,0.395,0.0,0.0,0.089,0.0,3.0,0.684,0.359,0.096,0.04,0.096,1.008,0.9201,1.029,261,6,1,1.0,0,0,0,False,0.0,0.393,0.4623,74.9,75.3,83.8,8.9,0.0,2.0,2,1,0
Sportiello,P,Por,ATA,1,0.1,6.0,0.5,0.0,0.0,0.0,1,11.0,5.773,6.045,0.236,-0.0155,0.404,0.0,0.0,0.051,0.0,2.0,,0.0,0.0,0.0,0.0,0.0,1.0354,2.298,169,4,1,0.957,0,2,0,False,0.0,0.3914,0.457,74.2,74.9,83.2,9.0,0.0,1.0,2,1,1
Fortini,D,E,TOR,6,1.2,6.0,0.5,0.0,0.0,0.0,12,1.0,5.96,5.96,0.0,,0.316,0.0,0.0,0.0,0.0,1.0,0.229,0.463,0.042,0.085,0.042,1.475,0.9571,1.436,156,5,1,0.907,1,1,93,True,0.5,0.391,0.4526,159.4,168.4,168.9,9.5,0.0,12.0,7,4,-5
Cabal,D,B;Ds;E,JUV,1,0.4,6.0,0.5,0.0,0.0,0.0,4,4.0,6.05,5.995,0.198,0.066,0.283,0.0,0.0,0.316,0.0,4.0,0.656,0.346,0.056,0.047,0.056,0.778,1.0076,1.992,470,10,1,1.0,0,2,0,False,0.0,0.3902,0.4591,53.0,53.1,72.7,19.7,0.0,4.0,3,2,-1
Dembelè A.,D,Dd;E,LEC,1,0.2,6.0,0.5,0.0,0.0,0.0,2,1.0,5.0,5.0,0.0,,0.026,,,,,1.0,0.379,0.109,0.092,0.027,0.092,1.22,0.9201,1.029,14,2,0,0.054,0,1,0,False,0.0,0.3899,0.3931,32.4,33.0,61.5,29.1,0.0,2.0,2,1,0
Zhegrova,C,W,JUV,6,1.7,6.0,0.5,0.0,0.0,0.0,17,1.0,5.96,5.96,0.0,,0.316,0.0,0.0,0.083,0.0,1.0,0.761,1.026,0.208,0.28,0.208,5.182,1.0076,1.992,330,10,1,1.0,0,1,21,False,0.0,0.3891,0.4578,58.9,59.3,72.9,14.0,0.0,17.0,9,5,-8
Njie,C,W;A,FIO,4,2.8,6.0,0.5,0.0,0.0,0.0,28,2.0,5.867,5.9,0.1,,0.25,,,,,2.0,1.219,0.361,0.351,0.104,0.351,2.01,1.0124,2.045,221,7,1,1.0,0,0,0,False,0.0,0.3884,0.4569,46.3,46.4,70.3,24.0,0.0,28.0,16,8,-12
Oyono A.,D,Dd;E,FRO,6,1.0,6.0,0.5,0.0,0.0,0.0,10,1.0,5.82,5.82,0.0,,0.368,0.0,0.071,0.286,0.0,1.0,0.242,1.117,0.018,0.084,0.018,0.302,0.9827,1.718,168,2,1,0.953,1,1,113,True,0.5,0.388,0.4527,159.6,162.1,162.3,2.7,0.0,10.0,6,3,-4
Bertola,D,Dd;Ds;Dc,UDI,4,1.0,6.0,0.5,0.0,0.0,0.0,10,3.0,4.013,4.12,2.925,-0.32,0.342,0.0,0.04,0.12,0.0,1.0,0.996,1.549,0.051,0.079,0.051,0.666,0.965,1.523,36,3,0,0.14,0,2,22,False,0.0,0.3866,0.3949,70.7,71.5,80.4,9.7,0.0,10.0,6,3,-4
Estupinan,D,Ds;E,MIL,3,1.3,6.0,0.5,0.0,0.0,0.0,13,1.0,5.64,5.64,0.0,,0.368,0.071,0.071,0.357,0.0,1.0,0.477,1.581,0.041,0.136,0.041,0.775,1.0464,2.419,283,9,1,1.0,1,1,69,True,0.5,0.385,0.453,160.8,162.1,162.3,1.5,0.0,13.0,7,4,-6
Molina N.,D,E,ROM,18,7.8,6.0,0.5,0.0,0.0,0.0,78,3.0,2.987,3.96,2.801,-2.92,0.789,0.15,0.117,0.1,0.0,1.0,0.045,0.108,,,,,1.0268,2.203,83,5,0,0.323,0,2,30,False,0.0,0.3845,0.4041,178.9,187.4,189.8,10.9,12.2,105.30000000000001,56,27,-22
Otoa,D,Dc,GEN,2,0.5,6.0,0.5,0.0,0.0,0.0,5,2.0,5.457,5.385,0.215,,0.171,,,,,1.0,0.084,0.0,0.009,0.0,0.009,0.326,0.9593,1.46,158,8,0,0.614,0,2,24,False,0.0,0.3831,0.422,32.4,33.0,61.5,29.1,0.0,5.0,3,2,-2
Candè,D,Ds;Dc,SAS,3,0.7,6.0,0.5,0.0,0.0,0.0,7,2.0,5.713,5.725,0.035,,0.329,0.059,0.0,0.235,0.0,2.0,0.388,0.408,0.044,0.036,0.044,0.353,0.9714,1.594,255,3,1,1.0,0,0,0,False,0.0,0.3816,0.4489,63.5,64.4,71.4,7.9,0.0,7.0,4,3,-3
Basic,C,M;C,VEN,6,1.9,6.0,0.5,0.0,0.0,0.0,19,5.0,3.968,4.696,2.355,-0.552,0.467,0.042,0.07,0.141,0.0,3.0,1.031,1.071,0.083,0.085,0.083,1.405,0.9494,1.351,114,7,0,0.443,2,0,150,True,1.0,0.38,0.407,171.6,177.5,181.4,9.8,0.0,19.0,11,6,-8
Aboukhlal,C,W;A,TOR,3,0.5,6.0,0.5,0.0,0.0,0.0,5,1.0,5.77,5.77,0.0,,0.289,0.0,0.0,0.364,0.0,1.0,0.412,0.598,0.074,0.108,0.074,1.26,0.9571,1.436,410,10,1,1.0,0,2,26,False,0.0,0.3792,0.4461,49.1,50.4,72.7,23.6,0.0,5.0,3,2,-2
Milik,A,Pc,JUV,4,1.0,6.0,0.5,0.0,0.0,0.0,10,9.0,4.0,4.731,2.53,-0.3218,0.511,0.355,0.032,0.113,0.0,2.0,6.009,2.784,0.464,0.205,0.436,2.902,1.0076,1.992,670,11,1,1.0,0,2,0,False,0.0,0.378,0.4447,107.7,112.3,112.3,4.6,0.0,10.0,9,5,-1
Dragusin,D,Dc,FIO,7,2.0,6.0,0.5,0.0,0.0,0.0,20,3.0,4.962,3.943,2.793,3.055,0.487,0.054,0.027,0.081,0.0,1.0,1.219,0.91,0.064,0.048,0.064,0.895,1.0124,2.045,327,4,1,1.0,2,0,180,True,1.0,0.3772,0.4438,160.7,160.7,161.7,1.0,0.0,20.0,11,6,-9
Padelli,P,Por,UDI,1,0.1,6.0,0.5,0.0,0.0,0.0,1,11.0,5.292,3.844,2.918,0.0358,0.177,0.0,0.0,0.086,0.0,,,,,,,,0.965,1.523,93,4,1,0.662,0,2,0,False,0.0,0.3751,0.4164,32.4,33.1,61.7,29.3,0.0,1.0,2,1,1
Camarda,A,Pc,MIL,4,2.0,6.0,0.5,0.0,0.0,0.0,20,3.0,4.808,3.863,2.734,2.835,0.316,0.056,0.0,0.056,0.0,2.0,1.759,0.434,0.302,0.09,0.223,2.497,1.0464,2.419,138,5,1,0.837,0,2,0,False,0.0,0.3743,0.428,61.8,63.0,68.0,6.2,0.0,20.0,17,9,-3
Rugani,D,Dc,JUV,1,0.3,6.0,0.5,0.0,0.0,0.0,3,11.0,3.863,5.421,1.739,-0.2532,0.334,0.087,0.019,0.173,0.0,3.0,1.068,0.122,0.132,0.014,0.132,0.501,1.0076,1.992,89,5,0,0.346,0,2,0,False,0.0,0.3707,0.391,67.9,68.7,76.2,8.3,0.0,3.0,2,2,-1
Sagrado,D,Dd;E,VEN,2,0.4,6.0,0.5,0.0,0.0,0.0,4,1.0,5.5,5.5,0.0,,0.079,,,,,,,,,,,,0.9494,1.351,194,7,0,0.7,0,2,9,False,0.0,0.3695,0.4129,32.4,33.0,61.5,29.1,0.0,4.0,3,2,-1
Stankovic F.,P,Por,VEN,6,1.1,6.0,0.5,0.0,0.0,0.0,11,2.0,4.4,3.3,3.3,,0.395,0.0,0.0,0.067,0.0,1.0,,0.0,0.0,0.0,0.0,0.0,0.9494,1.351,81,2,1,0.615,2,0,180,True,1.0,0.3677,0.4051,162.3,166.6,175.3,13.0,0.0,11.0,11,6,0
Abankwah,D,Dd;Dc,UDI,2,1.0,6.0,0.5,0.0,0.0,0.0,10,3.0,4.208,4.25,3.007,-0.125,0.039,,,,,1.0,0.115,0.0,,,,,0.965,1.523,0,0,0,0.0,2,0,180,True,1.0,0.3667,0.3667,171.2,183.1,191.6,20.4,7.9,10.0,6,3,-4
Forson O.,C,W;T,MON,2,0.1,6.0,0.5,0.0,0.0,0.0,1,1.0,5.67,5.67,0.0,,0.158,,,,,1.0,0.428,0.322,,,,,0.9337,1.178,315,5,1,1.0,0,2,31,False,0.0,0.3646,0.4289,33.5,33.8,64.6,31.1,0.0,1.0,1,1,0
Cremaschi,C,E;C,PAR,2,0.3,6.0,0.5,0.0,0.0,0.0,3,1.0,6.0,6.0,0.0,,0.026,,,,,1.0,0.018,0.013,,,,,0.9545,1.408,226,4,1,1.0,0,2,40,False,0.0,0.3608,0.4245,35.5,35.5,65.9,30.4,0.0,3.0,2,2,-1
Terzic,D,Ds;E,FRO,4,0.8,6.0,0.5,0.0,0.0,0.0,8,3.0,5.015,4.01,2.836,3.015,0.316,0.059,0.059,0.118,0.0,1.0,0.703,1.813,0.07,0.181,0.07,0.898,0.9827,1.718,236,13,1,1.0,0,2,30,False,0.0,0.3607,0.4243,56.9,58.4,69.7,12.8,0.0,8.0,5,3,-3
Chalobah T.,D,Dd;Dc,COM,10,3.2,6.0,0.5,0.0,0.0,0.0,32,1.0,6.0,6.0,0.0,,0.026,,,,,,,,,,,,1.0068,1.982,299,10,1,1.0,2,0,180,True,1.0,0.3597,0.4232,167.9,172.7,172.7,4.8,0.0,43.2,23,11,-9
Fofana Sa.,C,M;C,LEC,1,0.1,6.0,0.5,0.0,0.0,0.0,1,1.0,5.5,5.5,0.0,,0.053,,,,,1.0,0.101,0.181,,,,,0.9201,1.029,568,10,1,1.0,0,2,0,False,0.0,0.3495,0.4112,32.4,33.0,61.5,29.1,0.0,1.0,1,1,0
Ebosse,D,Ds;Dc,UDI,3,0.5,6.0,0.5,0.0,0.0,0.0,5,4.0,4.708,4.223,2.439,0.583,0.281,0.0,0.033,0.233,0.0,2.0,0.061,0.272,0.005,0.022,0.005,0.16,0.965,1.523,380,6,1,1.0,1,1,113,True,0.5,0.3453,0.4062,148.0,148.0,157.3,9.3,0.0,5.0,3,2,-2
Mandas,P,Por,LAZ,10,3.6,6.0,0.5,0.0,0.0,0.0,36,3.0,3.135,4.177,2.953,-3.125,0.224,,,,,2.0,,0.0,0.0,0.0,0.0,0.0,0.9953,1.856,5,2,0,0.019,2,0,180,True,1.0,0.3451,0.3461,171.2,183.1,191.6,20.4,16.5,36.0,41,20,5
Christensen O.,P,Por,FIO,1,0.1,6.0,0.5,0.0,0.0,0.0,1,3.0,4.667,4.333,3.171,1.0,0.066,,,,,,,,,,,,1.0124,2.045,95,5,1,0.669,0,2,0,False,0.0,0.3446,0.383,32.4,33.0,61.5,29.1,0.0,1.0,2,1,1
Gonzalez N.,C,W;A,JUV,12,4.5,6.0,0.5,0.0,0.0,0.0,45,5.0,3.038,4.946,2.477,-1.285,0.704,0.262,0.093,0.084,0.056,2.0,1.763,1.468,0.091,0.075,0.091,0.794,1.0076,1.992,203,10,1,1.0,0,2,33,False,0.0,0.3443,0.4051,159.6,177.8,178.9,19.3,0.0,45.0,27,14,-18
Theate,D,Ds;Dc,BOL,8,2.0,6.0,0.5,0.0,0.0,0.0,20,2.0,1.973,2.96,2.96,,0.789,0.067,0.033,0.2,0.0,,,,,,,,1.004,1.952,104,9,0,0.404,0,1,0,False,0.0,0.3408,0.3628,152.1,153.8,157.4,5.3,0.0,20.0,11,6,-9
Hainaut,D,Dd;E,VEN,4,1.2,6.0,0.5,0.0,0.0,0.0,12,2.0,1.953,2.93,2.93,,0.579,0.091,0.0,0.136,0.0,1.0,0.854,0.766,0.065,0.058,0.065,0.456,0.9494,1.351,45,5,0,0.175,2,0,175,True,1.0,0.3391,0.3482,172.2,186.1,188.5,16.3,10.9,12.0,7,4,-5
Ndiaye,D,Dc,PAR,2,0.8,6.0,0.5,0.0,0.0,0.0,8,2.0,3.727,2.795,2.795,,0.289,0.0,0.0,0.273,0.0,1.0,0.36,0.023,0.041,0.003,0.041,0.687,0.9545,1.408,103,2,1,0.701,1,1,90,True,0.5,0.3376,0.3773,149.8,153.9,161.7,11.9,0.0,8.0,5,3,-3
Goldaniga,D,Dc,COM,1,0.1,6.0,0.5,0.0,0.0,0.0,1,10.0,2.885,5.128,1.715,-0.3047,0.509,0.046,0.011,0.305,0.0,2.0,1.792,0.221,0.076,0.011,0.076,0.407,1.0068,1.982,115,2,1,0.747,0,2,0,False,0.0,0.3371,0.3796,92.9,93.3,96.0,3.1,0.0,1.0,1,1,0
Gollini,P,Por,ROM,1,0.1,6.0,0.5,0.0,0.0,0.0,1,10.0,2.953,5.48,1.829,-0.3549,0.398,0.0,0.0,0.058,0.0,3.0,0.005,0.0,0.001,0.0,0.001,0.048,1.0268,2.203,126,11,0,0.49,0,2,0,False,0.0,0.3323,0.3587,75.9,76.4,83.4,7.5,0.0,1.0,2,1,1
Ilkhan,C,M;C,TOR,4,0.8,6.0,0.5,0.0,0.0,0.0,8,3.0,3.882,3.883,2.746,-0.005,0.303,0.059,0.118,0.118,0.0,2.0,1.59,0.653,0.178,0.097,0.178,1.186,0.9571,1.436,265,4,1,1.0,0,2,23,False,0.0,0.331,0.3894,57.4,59.1,69.7,12.3,0.0,8.0,5,3,-3
Vergara,C,W;T,NAP,10,3.5,6.0,0.5,0.0,0.0,0.0,35,2.0,4.167,3.125,3.125,,0.211,,,,,1.0,0.706,0.835,0.102,0.12,0.102,1.44,1.0241,2.173,305,8,1,1.0,0,2,23,False,0.0,0.3271,0.3848,37.2,38.4,61.5,24.3,0.0,35.0,21,11,-14
Raimondo,A,Pc,FRO,9,2.7,6.0,0.5,0.0,0.0,0.0,27,4.0,3.0,1.5,2.598,1.8,0.026,,,,,1.0,0.511,0.106,,,,,0.9827,1.718,0,0,0,0.0,2,0,179,True,1.0,0.3222,0.3222,171.2,183.1,191.6,20.4,67.8,27.0,23,12,-4
Di Gennaro,P,Por,INT,1,0.1,6.0,0.5,0.0,0.0,0.0,1,3.0,4.083,4.167,2.953,-0.25,0.026,,,,,,,,,,,,1.1,3.009,188,4,1,1.0,0,2,0,False,0.0,0.3048,0.3586,32.4,33.0,61.5,29.1,0.0,1.0,2,1,1
Maye,D,Ds;Dc,MON,1,0.1,6.0,0.5,0.0,0.0,0.0,1,8.0,2.773,4.946,1.872,-0.4789,0.391,0.032,0.032,0.211,0.0,,,,,,,,0.9337,1.178,164,10,1,0.938,0,1,0,False,0.0,0.3021,0.3516,71.6,72.3,80.4,8.8,0.0,1.0,1,1,0
Douglas Luiz,C,C,JUV,4,1.5,6.0,0.5,0.0,0.0,0.0,15,2.0,1.957,2.935,2.935,,0.395,0.0,0.0,0.133,0.0,1.0,0.687,1.157,0.126,0.212,0.126,1.466,1.0076,1.992,167,9,0,0.649,2,0,169,True,1.0,0.2968,0.3288,162.0,165.0,175.3,13.3,0.0,15.0,8,5,-7
Ramos G.,A,Pc,MIL,27,23.7,6.0,0.5,0.0,0.0,0.0,237,2.0,1.833,2.75,2.75,,0.105,,,,,,,,,,,,1.0464,2.419,116,6,1,0.751,2,0,180,True,1.0,0.2951,0.3326,180.6,215.1,220.4,39.8,99.8,237.0,205,101,-32
Lezzerini,P,Por,FIO,1,0.1,6.0,0.5,0.0,0.0,0.0,1,4.0,3.223,4.855,2.822,-1.958,0.079,,,,,,,,,,,,1.0124,2.045,140,4,1,0.844,0,2,0,False,0.0,0.292,0.3343,32.4,33.0,61.5,29.1,0.0,1.0,2,1,1
Liberali,C,T,COM,6,2.1,6.0,0.5,0.0,0.0,0.0,21,2.0,2.0,3.0,3.0,,0.026,,,,,,,,,,,,1.0068,1.982,0,0,0,0.0,0,2,19,False,0.0,0.2863,0.2863,32.4,33.0,61.5,29.1,0.0,21.0,12,6,-9
Sherri,P,Por,CAG,1,0.1,6.0,0.5,0.0,0.0,0.0,1,2.0,1.953,2.93,2.93,,0.184,,,,,1.0,,0.023,0.0,0.003,0.0,0.0,0.9604,1.472,62,2,1,0.541,0,2,0,False,0.0,0.2769,0.3014,32.4,33.0,61.5,29.1,0.0,1.0,2,1,1
Antov,D,Dc,MON,1,0.2,6.0,0.5,0.0,0.0,0.0,2,3.0,2.703,3.6,2.546,-2.69,0.132,,,,,1.0,,0.023,0.0,0.007,0.0,0.0,0.9337,1.178,177,2,1,0.988,0,2,0,False,0.0,0.2744,0.3222,32.4,33.0,61.5,29.1,0.0,2.0,2,1,0
Vigorito,P,Por,COM,1,0.1,6.0,0.5,0.0,0.0,0.0,1,3.0,0.983,1.967,2.781,-2.95,0.132,,,,,1.0,0.371,0.378,0.016,0.017,0.016,0.307,1.0068,1.982,0,0,0,0.0,0,2,0,False,0.0,0.2647,0.2647,32.4,33.0,61.5,29.1,0.0,1.0,2,1,1
Diallo O.,C,W;A,PAR,3,1.2,6.0,0.5,0.0,0.0,0.0,12,2.0,2.333,3.5,3.5,,0.026,,,,,3.0,0.816,1.639,0.053,0.071,0.053,0.726,0.9545,1.408,223,5,1,1.0,0,2,15,False,0.0,0.2585,0.3041,32.4,33.0,61.5,29.1,0.0,12.0,7,4,-5
Contini,P,Por,NAP,1,0.1,6.0,0.5,0.0,0.0,0.0,1,7.0,1.0,0.857,2.1,0.2143,0.026,,,,,,,,,,,,1.0241,2.173,102,8,0,0.397,0,2,0,False,0.0,0.2367,0.2517,32.4,33.0,61.5,29.1,0.0,1.0,2,1,1
El Azzouzi A.,C,M;C,FRO,1,0.1,6.0,0.5,0.0,0.0,0.0,1,3.0,1.018,2.037,2.88,-3.055,0.237,,,,,1.0,0.472,0.957,0.082,0.166,0.082,0.346,0.9827,1.718,445,11,1,1.0,0,2,0,False,0.0,0.236,0.2776,42.5,44.0,65.8,23.3,0.0,1.0,1,1,0
Pinsoglio,P,Por,JUV,1,0.1,6.0,0.5,0.0,0.0,0.0,1,9.0,1.083,4.056,2.881,-0.7583,0.026,,,,,,,,,,,,1.0076,1.992,84,3,1,0.627,0,2,0,False,0.0,0.2306,0.2545,32.4,33.0,61.5,29.1,0.0,1.0,2,1,1
Radunovic,P,Por,CAG,1,0.1,6.0,0.5,0.0,0.0,0.0,1,8.0,0.952,3.046,3.055,-0.4706,0.092,,,,,1.0,,0.0,0.0,0.0,0.0,0.0,0.9604,1.472,104,2,1,0.704,0,2,0,False,0.0,0.2299,0.257,32.4,33.0,61.5,29.1,0.0,1.0,2,1,1
